PROTID	GENEID	GM12878_LysN_ETD_INT	HUVEC_LysN_ETD_INT	HeLa_LysN_ETD_INT	K562_LysN_ETD_INT	hESC_LysN_ETD_INT
na	na	GM12878_LysN_ETD	HUVEC_LysN_ETD	HeLa_LysN_ETD	K562_LysN_ETD	hESC_LysN_ETD
ensembl_transcript_id=ENST00000219343.11|ensembl_gene_id=ENSG00000103064.15|gene_name=SLC7A6|tmd_start=313|tmd_end=337|tmd_seq=FGMFSWTIPIAVALSCFGGLNASIF|ss_nuc_start=783|ss_seq=AAACCCA|tmd-SS_gap_size=52|ensembl_uniprot_annotation=Q92536|blastp_uniprot_annotation=Q92536|transcript_canonical_status=Canonical|TMD_dG_app=0.73|SS_dG_fs=2.25|stem_loop_presence=Yes|search_side=downstream|fs_type=hungry_-2|frame_transition=262|terminal_stop_codon=yes		0	0	0	2.7711722E7	0
ensembl_transcript_id=ENST00000265028.8|ensembl_gene_id=ENSG00000090520.12|gene_name=DNAJB11|tmd_start=258|tmd_end=278|tmd_seq=LYTNVTISLVESLVGFEMDIT|ss_nuc_start=666|ss_seq=CCCCTTT|tmd-SS_gap_size=36|ensembl_uniprot_annotation=Q9UBS4|blastp_uniprot_annotation=Q9UBS4|transcript_canonical_status=Canonical|TMD_dG_app=4.19|SS_dG_fs=0.93|stem_loop_presence=Yes|search_side=downstream|fs_type=dual_-1|frame_transition=224|terminal_stop_codon=yes		0	0	0	0	1.266776E7
ensembl_transcript_id=ENST00000312055.9|ensembl_gene_id=ENSG00000175216.15|gene_name=CKAP5|tmd_start=1309|tmd_end=1330|tmd_seq=VRAILNRMCLVYPASKMFPFIM|ss_nuc_start=3801|ss_seq=TTTAAAA|tmd-SS_gap_size=42|ensembl_uniprot_annotation=Q14008|blastp_uniprot_annotation=Q14008|transcript_canonical_status=Alternative|TMD_dG_app=4.08|SS_dG_fs=0.30|stem_loop_presence=Yes|search_side=downstream|fs_type=dual_-1|frame_transition=1269|terminal_stop_codon=yes		8.0087744E8	0	0	2.09766304E8	0
ensembl_transcript_id=ENST00000341360.7|ensembl_gene_id=ENSG00000058668.16|gene_name=ATP2B4|tmd_start=959|tmd_end=974|tmd_seq=HYTIVFNTFVLMQLFN|ss_nuc_start=2763|ss_seq=GGGCCAT|tmd-SS_gap_size=38|ensembl_uniprot_annotation=P23634|blastp_uniprot_annotation=P23634|transcript_canonical_status=Alternative|TMD_dG_app=3.07|SS_dG_fs=2.88|stem_loop_presence=Yes|search_side=downstream|fs_type=dual_-1|frame_transition=923|terminal_stop_codon=yes		0	5.0529868E7	0	0	2.6934236E7
ensembl_transcript_id=ENST00000348295.7|ensembl_gene_id=ENSG00000183765.24|gene_name=CHEK2|tmd_start=377|tmd_end=398|tmd_seq=RAVDCWSLGVILFICLSGYPPF|ss_nuc_start=981|ss_seq=TTTTTAC|tmd-SS_gap_size=50|ensembl_uniprot_annotation=O96017|blastp_uniprot_annotation=O96017|transcript_canonical_status=Alternative|TMD_dG_app=0.46|SS_dG_fs=2.41|stem_loop_presence=Yes|search_side=downstream|fs_type=dual_-1|frame_transition=329|terminal_stop_codon=yes		0	0	0	0	405820.47
ensembl_transcript_id=ENST00000378823.8|ensembl_gene_id=ENSG00000113522.14|gene_name=RAD50|tmd_start=1207|tmd_end=1230|tmd_seq=VLASLIIRLALAETFCLNCGIIAL|ss_nuc_start=3510|ss_seq=TGAAAAT|tmd-SS_gap_size=37|ensembl_uniprot_annotation=Q92878|blastp_uniprot_annotation=Q92878|transcript_canonical_status=Canonical|TMD_dG_app=0.27|SS_dG_fs=2.79|stem_loop_presence=Yes|search_side=downstream|fs_type=dual_-1|frame_transition=1172|terminal_stop_codon=yes		2.86034816E9	0	0	7.3136408E7	0
ensembl_transcript_id=ENST00000380752.10|ensembl_gene_id=ENSG00000139514.13|gene_name=SLC7A1|tmd_start=244|tmd_end=267|tmd_seq=VGGFMPFGFSGVLSGAATCFYAFV|ss_nuc_start=570|ss_seq=CAAAATA|tmd-SS_gap_size=54|ensembl_uniprot_annotation=P30825|blastp_uniprot_annotation=P30825|transcript_canonical_status=Canonical|TMD_dG_app=1.80|SS_dG_fs=1.91|stem_loop_presence=Yes|search_side=downstream|fs_type=dual_-1|frame_transition=192|terminal_stop_codon=yes		0	0	5.2966156E7	0	0
ensembl_transcript_id=ENST00000455220.6|ensembl_gene_id=ENSG00000137500.10|gene_name=CCDC90B|tmd_start=130|tmd_end=152|tmd_seq=TIRYLAASVFTCLAIALGFYRFW|ss_nuc_start=285|ss_seq=AAAAAAG|tmd-SS_gap_size=35|ensembl_uniprot_annotation=Q9GZT6|blastp_uniprot_annotation=Q9GZT6|transcript_canonical_status=Alternative|TMD_dG_app=-1.80|SS_dG_fs=2.10|stem_loop_presence=Yes|search_side=downstream|fs_type=dual_-1|frame_transition=97|terminal_stop_codon=yes		0	0	0	0	1.2662181E7
ensembl_transcript_id=ENST00000456652.5|ensembl_gene_id=ENSG00000071054.17|gene_name=MAP4K4|tmd_start=728|tmd_end=749|tmd_seq=ILCAALWGVNLLVGTESGLMLL|ss_nuc_start=2034|ss_seq=GGGATTT|tmd-SS_gap_size=50|ensembl_uniprot_annotation=No_uniprot_annotation|blastp_uniprot_annotation=O95819|transcript_canonical_status=Alternative|TMD_dG_app=1.12|SS_dG_fs=1.48|stem_loop_presence=Yes|search_side=downstream|fs_type=hungry_-2|frame_transition=679|terminal_stop_codon=yes		0	4482134.0	0	1.01976378E9	0
ensembl_transcript_id=ENST00000573034.8|ensembl_gene_id=ENSG00000266028.8|gene_name=SRGAP2|tmd_start=601|tmd_end=623|tmd_seq=IRKVLLVLPKTTLIIMRYLFAFL|ss_nuc_start=1638|ss_seq=GGACCCC|tmd-SS_gap_size=55|ensembl_uniprot_annotation=O75044|blastp_uniprot_annotation=O75044|transcript_canonical_status=Canonical|TMD_dG_app=0.99|SS_dG_fs=2.61|stem_loop_presence=Yes|search_side=downstream|fs_type=dual_-1|frame_transition=548|terminal_stop_codon=yes		0	2.4411136E8	0	0	0
ensembl_transcript_id=ENST00000681893.1|ensembl_gene_id=ENSG00000120697.10|gene_name=ALG5|tmd_start=177|tmd_end=199|tmd_seq=YFRTLLMYGFHFLVWFLCVKGIR|ss_nuc_start=423|ss_seq=GAAATTA|tmd-SS_gap_size=36|ensembl_uniprot_annotation=No_uniprot_annotation|blastp_uniprot_annotation=Q9Y673|transcript_canonical_status=Alternative|TMD_dG_app=-0.28|SS_dG_fs=1.96|stem_loop_presence=Yes|search_side=downstream|fs_type=dual_-1|frame_transition=143|terminal_stop_codon=yes		0	4.042074E7	0	7.1726704E7	0
P62937	PPIA	1.04676811E11	4.4482712E7	8831128.0	3.0397714E7	7.4629216E7
P62979	RPS27A	0	0	0	0	6.4872051E8
