PROTID	GENEID	GM12878_Chymo_ETD_INT	HeLa_Chymo_ETD_INT	HepG2_Chymo_ETD_INT	K562_Chymo_ETD_INT	hESC_Chymo_ETD_INT
na	na	GM12878_Chymo_ETD	HeLa_Chymo_ETD	HepG2_Chymo_ETD	K562_Chymo_ETD	hESC_Chymo_ETD
ensembl_transcript_id=ENST00000225969.9|ensembl_gene_id=ENSG00000108826.16|gene_name=MRPL27|tmd_start=6|tmd_end=30|tmd_seq=LALRTRTAVTSLLSPTPATALAVRY|ss_nuc_start=255|ss_seq=GAATAAA|tmd-SS_gap_size=55|ensembl_uniprot_annotation=Q9P0M9|blastp_uniprot_annotation=Q9P0M9|transcript_canonical_status=Canonical|TMD_dG_app=2.53|SS_dG_fs=1.64|stem_loop_presence=Yes|fs_type=hungry_-1|frame_transition=86|terminal_stop_codon=yes		1.28661264E8	1.08196288E9	7.1604528E7	3.1186128E8	7.7938024E7
ensembl_transcript_id=ENST00000280612.9|ensembl_gene_id=ENSG00000151012.13|gene_name=SLC7A11|tmd_start=163|tmd_end=186|tmd_seq=LAIKLITAVGITVVMVLNSMSVSW|ss_nuc_start=711|ss_seq=GGCTTTT|tmd-SS_gap_size=51|ensembl_uniprot_annotation=Q9UPY5|blastp_uniprot_annotation=Q9UPY5|transcript_canonical_status=Canonical|TMD_dG_app=0.86|SS_dG_fs=2.66|stem_loop_presence=Yes|fs_type=0_frame|frame_transition=no_frameshift|terminal_stop_codon=yes		0	2.90072896E8	0	0	0
ensembl_transcript_id=ENST00000326799.7|ensembl_gene_id=ENSG00000136758.21|gene_name=YME1L1|tmd_start=290|tmd_end=309|tmd_seq=LRRTRLILFVLLLFGIYGLL|ss_nuc_start=1056|ss_seq=GGAAGTT|tmd-SS_gap_size=43|ensembl_uniprot_annotation=Q96TA2|blastp_uniprot_annotation=Q96TA2|transcript_canonical_status=Alternative|TMD_dG_app=-3.19|SS_dG_fs=2.42|stem_loop_presence=Yes|fs_type=0_frame|frame_transition=no_frameshift|terminal_stop_codon=yes		0	0	0	3.56257792E8	0
ensembl_transcript_id=ENST00000328980.11|ensembl_gene_id=ENSG00000206306.10|gene_name=HLA-DRB1|tmd_start=4|tmd_end=28|tmd_seq=LRLPGGSCMAVLTVTLMVLSSPLAL|ss_nuc_start=219|ss_seq=GGGGGAG|tmd-SS_gap_size=45|ensembl_uniprot_annotation=No_uniprot_annotation|blastp_uniprot_annotation=P79483|transcript_canonical_status=Canonical|TMD_dG_app=0.49|SS_dG_fs=2.65|stem_loop_presence=Yes|fs_type=0_frame|frame_transition=no_frameshift|terminal_stop_codon=yes		6.2342866E9	0	0	0	0
ensembl_transcript_id=ENST00000354582.12|ensembl_gene_id=ENSG00000150995.21|gene_name=ITPR1|tmd_start=1819|tmd_end=1839|tmd_seq=RVFHESILLAIALLEGGNTTI|ss_nuc_start=5646|ss_seq=GGGAAAT|tmd-SS_gap_size=43|ensembl_uniprot_annotation=No_uniprot_annotation|blastp_uniprot_annotation=Q14643|transcript_canonical_status=Alternative|TMD_dG_app=3.11|SS_dG_fs=0.88|stem_loop_presence=Yes|fs_type=0_frame|frame_transition=no_frameshift|terminal_stop_codon=yes		1.5731709E7	0	0	0	0
ensembl_transcript_id=ENST00000360807.8|ensembl_gene_id=ENSG00000125844.17|gene_name=RRBP1|tmd_start=8|tmd_end=31|tmd_seq=TLGVVVFGGFMVVSAIGIFLVSTF|ss_nuc_start=201|ss_seq=GAAGAAA|tmd-SS_gap_size=36|ensembl_uniprot_annotation=Q9P2E9|blastp_uniprot_annotation=Q9P2E9|transcript_canonical_status=Alternative|TMD_dG_app=-1.08|SS_dG_fs=2.86|stem_loop_presence=Yes|fs_type=0_frame|frame_transition=no_frameshift|terminal_stop_codon=yes		0	0	4.6350116E9	0	0
ensembl_transcript_id=ENST00000366582.8|ensembl_gene_id=ENSG00000119285.11|gene_name=HEATR1|tmd_start=1410|tmd_end=1425|tmd_seq=KFLWILLILLFEQYVT|ss_nuc_start=4425|ss_seq=GGAAAAA|tmd-SS_gap_size=50|ensembl_uniprot_annotation=Q9H583|blastp_uniprot_annotation=Q9H583|transcript_canonical_status=Canonical|TMD_dG_app=0.27|SS_dG_fs=0.93|stem_loop_presence=Yes|fs_type=0_frame|frame_transition=no_frameshift|terminal_stop_codon=yes		0	0	3.76096992E8	0	0
ensembl_transcript_id=ENST00000374500.10|ensembl_gene_id=ENSG00000112514.18|gene_name=CUTA|tmd_start=3|tmd_end=22|tmd_seq=ALLPVASRLLLLPRVLLTMA|ss_nuc_start=228|ss_seq=CATCCCT|tmd-SS_gap_size=54|ensembl_uniprot_annotation=O60888|blastp_uniprot_annotation=O60888|transcript_canonical_status=Alternative|TMD_dG_app=1.81|SS_dG_fs=2.81|stem_loop_presence=Yes|fs_type=0_frame|frame_transition=no_frameshift|terminal_stop_codon=yes		0	0	8259700.0	0	0
ensembl_transcript_id=ENST00000383102.6|ensembl_gene_id=ENSG00000230708.10|gene_name=HLA-DPB1|tmd_start=11|tmd_end=32|tmd_seq=RTVALTALLMVLLTSVVQGRAT|ss_nuc_start=213|ss_seq=GGGGGAG|tmd-SS_gap_size=39|ensembl_uniprot_annotation=No_uniprot_annotation|blastp_uniprot_annotation=P04440|transcript_canonical_status=Canonical|TMD_dG_app=0.39|SS_dG_fs=2.65|stem_loop_presence=Yes|fs_type=0_frame|frame_transition=no_frameshift|terminal_stop_codon=yes		9.3332255E9	0	0	0	0
ensembl_transcript_id=ENST00000409051.6|ensembl_gene_id=ENSG00000132305.22|gene_name=IMMT|tmd_start=46|tmd_end=67|tmd_seq=IAGAGLLFVGGGIGGTILYAKW|ss_nuc_start=318|ss_seq=GGGTCCA|tmd-SS_gap_size=39|ensembl_uniprot_annotation=No_uniprot_annotation|blastp_uniprot_annotation=Q16891|transcript_canonical_status=Alternative|TMD_dG_app=0.37|SS_dG_fs=2.78|stem_loop_presence=Yes|fs_type=0_frame|frame_transition=no_frameshift|terminal_stop_codon=yes		0	0	1.23162288E8	0	0
ensembl_transcript_id=ENST00000414249.6|ensembl_gene_id=ENSG00000237022.10|gene_name=HLA-C|tmd_start=1|tmd_end=25|tmd_seq=MRVMAPRTLILLLSGALALTETWAC|ss_nuc_start=234|ss_seq=GGAGGGG|tmd-SS_gap_size=53|ensembl_uniprot_annotation=No_uniprot_annotation|blastp_uniprot_annotation=P10321|transcript_canonical_status=Canonical|TMD_dG_app=0.33|SS_dG_fs=2.65|stem_loop_presence=Yes|fs_type=0_frame|frame_transition=no_frameshift|terminal_stop_codon=yes		5.43808E9	0	5.01527776E8	0	0
ensembl_transcript_id=ENST00000416096.5|ensembl_gene_id=ENSG00000229215.9|gene_name=HLA-A|tmd_start=2|tmd_end=24|tmd_seq=AVMAPRTLLLLLSGALALTQTWA|ss_nuc_start=234|ss_seq=GGAGGGG|tmd-SS_gap_size=54|ensembl_uniprot_annotation=No_uniprot_annotation|blastp_uniprot_annotation=P04439|transcript_canonical_status=Alternative|TMD_dG_app=0.32|SS_dG_fs=2.65|stem_loop_presence=Yes|fs_type=0_frame|frame_transition=no_frameshift|terminal_stop_codon=yes		1.025873E10	0	0	0	0
ensembl_transcript_id=ENST00000425848.6|ensembl_gene_id=ENSG00000223532.10|gene_name=HLA-B|tmd_start=1|tmd_end=24|tmd_seq=MLVMAPRTVLLLLSAALALTETWA|ss_nuc_start=234|ss_seq=GGAGGGG|tmd-SS_gap_size=54|ensembl_uniprot_annotation=No_uniprot_annotation|blastp_uniprot_annotation=P01889|transcript_canonical_status=Canonical|TMD_dG_app=0.06|SS_dG_fs=2.65|stem_loop_presence=Yes|fs_type=0_frame|frame_transition=no_frameshift|terminal_stop_codon=yes		2.20370432E10	0	0	0	0
ensembl_transcript_id=ENST00000429815.6|ensembl_gene_id=ENSG00000119004.17|gene_name=CYP20A1|tmd_start=253|tmd_end=269|tmd_seq=RNFSQHIFIDSLVQGNL|ss_nuc_start=921|ss_seq=AAAAAAA|tmd-SS_gap_size=38|ensembl_uniprot_annotation=No_uniprot_annotation|blastp_uniprot_annotation=Q6UW02|transcript_canonical_status=Alternative|TMD_dG_app=6.89|SS_dG_fs=0.00|stem_loop_presence=Yes|fs_type=hungry_-2|frame_transition=308|terminal_stop_codon=yes		0	0	3.33427712E9	0	0
ensembl_transcript_id=ENST00000470780.5|ensembl_gene_id=ENSG00000231834.10|gene_name=HLA-A|tmd_start=2|tmd_end=24|tmd_seq=AVMAPRTLLLLLLGALALTQTWA|ss_nuc_start=234|ss_seq=GGAGGGG|tmd-SS_gap_size=54|ensembl_uniprot_annotation=No_uniprot_annotation|blastp_uniprot_annotation=P04439|transcript_canonical_status=Alternative|TMD_dG_app=-1.11|SS_dG_fs=2.65|stem_loop_presence=Yes|fs_type=0_frame|frame_transition=no_frameshift|terminal_stop_codon=yes		3.78893184E9	0	0	0	0
ensembl_transcript_id=ENST00000529335.6|ensembl_gene_id=ENSG00000137726.17|gene_name=FXYD6|tmd_start=35|tmd_end=59|tmd_seq=TLRIGGLVFAVVLFSVGILLILSRR|ss_nuc_start=312|ss_seq=TTTGGAT|tmd-SS_gap_size=45|ensembl_uniprot_annotation=No_uniprot_annotation|blastp_uniprot_annotation=Q9H0Q3|transcript_canonical_status=Alternative|TMD_dG_app=-3.15|SS_dG_fs=2.87|stem_loop_presence=Yes|fs_type=0_frame|frame_transition=no_frameshift|terminal_stop_codon=yes		0	0	0	0	3.87353E7
ensembl_transcript_id=ENST00000545606.6|ensembl_gene_id=ENSG00000111530.13|gene_name=CAND1|tmd_start=191|tmd_end=215|tmd_seq=VRKRTIIALGHLVMSCGNIVFVDLI|ss_nuc_start=780|ss_seq=GGTAAAA|tmd-SS_gap_size=45|ensembl_uniprot_annotation=Q86VP6|blastp_uniprot_annotation=Q86VP6|transcript_canonical_status=Canonical|TMD_dG_app=1.92|SS_dG_fs=1.36|stem_loop_presence=Yes|fs_type=0_frame|frame_transition=no_frameshift|terminal_stop_codon=yes		0	3.25875776E8	0	0	0
ensembl_transcript_id=ENST00000562901.5|ensembl_gene_id=ENSG00000074696.13|gene_name=HACD3|tmd_start=157|tmd_end=181|tmd_seq=LTWLRYTLWIPLYPLGCLAEAVSVI|ss_nuc_start=651|ss_seq=GATATTT|tmd-SS_gap_size=36|ensembl_uniprot_annotation=No_uniprot_annotation|blastp_uniprot_annotation=Q9P035|transcript_canonical_status=Alternative|TMD_dG_app=1.16|SS_dG_fs=1.91|stem_loop_presence=Yes|fs_type=0_frame|frame_transition=no_frameshift|terminal_stop_codon=yes		0	0	0	8.8182896E7	7.326264E7
ensembl_transcript_id=ENST00000602624.7|ensembl_gene_id=ENSG00000244038.11|gene_name=DDOST|tmd_start=10|tmd_end=34|tmd_seq=WALFWLLLPLLGAVCASGPRTLVLL|ss_nuc_start=243|ss_seq=CATTTTC|tmd-SS_gap_size=47|ensembl_uniprot_annotation=No_uniprot_annotation|blastp_uniprot_annotation=P39656|transcript_canonical_status=Canonical|TMD_dG_app=-1.30|SS_dG_fs=2.79|stem_loop_presence=Yes|fs_type=0_frame|frame_transition=no_frameshift|terminal_stop_codon=yes		0	0	0	1.01889075E9	0
ensembl_transcript_id=ENST00000638088.2|ensembl_gene_id=ENSG00000173852.16|gene_name=DPY19L1|tmd_start=230|tmd_end=254|tmd_seq=CFYVAVIFILNGLMMALFFIYGTYL|ss_nuc_start=921|ss_seq=AAAACTT|tmd-SS_gap_size=53|ensembl_uniprot_annotation=No_uniprot_annotation|blastp_uniprot_annotation=Q2PZI1|transcript_canonical_status=Canonical|TMD_dG_app=-2.80|SS_dG_fs=2.13|stem_loop_presence=Yes|fs_type=0_frame|frame_transition=no_frameshift|terminal_stop_codon=yes		1.7470392E8	0	6.4411117E8	6.2133965E8	7.179736E7
ensembl_transcript_id=ENST00000652332.1|ensembl_gene_id=ENSG00000155660.11|gene_name=PDIA4|tmd_start=4|tmd_end=24|tmd_seq=RKAFLLLLLLGLVQLLAVAGA|ss_nuc_start=180|ss_seq=AGAAAAT|tmd-SS_gap_size=36|ensembl_uniprot_annotation=P13667|blastp_uniprot_annotation=P13667|transcript_canonical_status=Canonical|TMD_dG_app=-1.55|SS_dG_fs=2.79|stem_loop_presence=Yes|fs_type=0_frame|frame_transition=no_frameshift|terminal_stop_codon=yes		0	0	0	0	1699207.0
P00883	ALDOA	0	0	4.58231008E8	0	0
P61769	B2M	4.17824102E9	0	0	0	0
P62937	PPIA	0	0	0	2.67795152E8	0
Q06830	PRDX1	0	0	0	0	1.88907149E9
