PROTID	GENEID	PROTLEN	GM12878_LysN_HCD_SPC	HUVEC_LysN_HCD_SPC	HeLa_LysN_HCD_SPC	HepG2_LysN_HCD_SPC	K562_LysN_HCD_SPC	hESC_LysN_HCD_SPC
na	na	na	GM12878_LysN_HCD	HUVEC_LysN_HCD	HeLa_LysN_HCD	HepG2_LysN_HCD	K562_LysN_HCD	hESC_LysN_HCD
ensembl_transcript_id=ENST00000193322.8|ensembl_gene_id=ENSG00000081087.16|gene_name=OSTM1|tmd_start=282|tmd_end=305|tmd_seq=TVPVIAVSVFILFLPVVFYLSSFL|ss_nuc_start=714|ss_seq=GCAAAAA|tmd-SS_gap_size=44|ensembl_uniprot_annotation=Q86WC4|blastp_uniprot_annotation=Q86WC4|transcript_canonical_status=Canonical|TMD_dG_app=-1.11|SS_dG_fs=2.02|stem_loop_presence=Yes|search_side=downstream|fs_type=hungry_-2|frame_transition=239|terminal_stop_codon=yes		241	0	0	0	0	0	2
ensembl_transcript_id=ENST00000308664.10|ensembl_gene_id=ENSG00000174437.18|gene_name=ATP2A2|tmd_start=260|tmd_end=279|tmd_seq=LSKVISLICIAVWIINIGHF|ss_nuc_start=636|ss_seq=AAACATT|tmd-SS_gap_size=48|ensembl_uniprot_annotation=P16615|blastp_uniprot_annotation=P16615|transcript_canonical_status=Alternative|TMD_dG_app=0.73|SS_dG_fs=2.27|stem_loop_presence=Yes|search_side=downstream|fs_type=0_frame|frame_transition=no_frameshift|terminal_stop_codon=yes		997	0	2	0	0	0	0
ensembl_transcript_id=ENST00000344113.8|ensembl_gene_id=ENSG00000054654.20|gene_name=SYNE2|tmd_start=6829|tmd_end=6853|tmd_seq=LSRVVRAALPLQLLLLLLLLLACLL|ss_nuc_start=20355|ss_seq=GGGGGAC|tmd-SS_gap_size=44|ensembl_uniprot_annotation=Q8WXH0|blastp_uniprot_annotation=Q8WXH0|transcript_canonical_status=Alternative|TMD_dG_app=-3.64|SS_dG_fs=2.61|stem_loop_presence=Yes|search_side=downstream|fs_type=0_frame|frame_transition=no_frameshift|terminal_stop_codon=yes		6885	1	0	0	0	0	0
ensembl_transcript_id=ENST00000359634.10|ensembl_gene_id=ENSG00000196950.14|gene_name=SLC39A10|tmd_start=435|tmd_end=457|tmd_seq=CFKFLLTFLVALAVGTMSGDALL|ss_nuc_start=1170|ss_seq=GGATAAA|tmd-SS_gap_size=45|ensembl_uniprot_annotation=Q9ULF5|blastp_uniprot_annotation=Q9ULF5|transcript_canonical_status=Canonical|TMD_dG_app=-0.51|SS_dG_fs=1.81|stem_loop_presence=Yes|search_side=downstream|fs_type=dual_-1|frame_transition=392|terminal_stop_codon=yes		396	0	0	0	0	0	1
ensembl_transcript_id=ENST00000378943.7|ensembl_gene_id=ENSG00000198814.14|gene_name=GK|tmd_start=526|tmd_end=549|tmd_seq=IFCSLPLGFFIVSSMVMLIGARYI|ss_nuc_start=1431|ss_seq=GGATTTG|tmd-SS_gap_size=49|ensembl_uniprot_annotation=P32189|blastp_uniprot_annotation=P32189|transcript_canonical_status=Alternative|TMD_dG_app=-0.87|SS_dG_fs=2.87|stem_loop_presence=Yes|search_side=downstream|fs_type=0_frame|frame_transition=no_frameshift|terminal_stop_codon=yes		553	0	0	0	1	0	0
ensembl_transcript_id=ENST00000381901.5|ensembl_gene_id=ENSG00000205809.11|gene_name=KLRC2|tmd_start=71|tmd_end=94|tmd_seq=LTAEVLGIICIVLMATVLKTIVLI|ss_nuc_start=108|ss_seq=GGAAATA|tmd-SS_gap_size=35|ensembl_uniprot_annotation=No_uniprot_annotation|blastp_uniprot_annotation=P26717|transcript_canonical_status=Alternative|TMD_dG_app=-1.69|SS_dG_fs=1.91|stem_loop_presence=Yes|search_side=downstream|fs_type=0_frame|frame_transition=no_frameshift|terminal_stop_codon=yes		231	0	0	1	0	0	0
ensembl_transcript_id=ENST00000471454.6|ensembl_gene_id=ENSG00000145087.14|gene_name=STXBP5L|tmd_start=828|tmd_end=848|tmd_seq=CLFVGTSLGMVLIISLNLPLA|ss_nuc_start=2355|ss_seq=AGAAAAT|tmd-SS_gap_size=43|ensembl_uniprot_annotation=No_uniprot_annotation|blastp_uniprot_annotation=Q9Y2K9|transcript_canonical_status=Canonical|TMD_dG_app=-0.26|SS_dG_fs=2.79|stem_loop_presence=Yes|search_side=downstream|fs_type=0_frame|frame_transition=no_frameshift|terminal_stop_codon=yes		1162	0	0	0	0	0	1
ensembl_transcript_id=ENST00000475903.7|ensembl_gene_id=ENSG00000165699.16|gene_name=TSC1|tmd_start=126|tmd_end=143|tmd_seq=VVVLTTGVLVLITMLPMI|ss_nuc_start=240|ss_seq=GGGCAAA|tmd-SS_gap_size=46|ensembl_uniprot_annotation=No_uniprot_annotation|blastp_uniprot_annotation=Q92574|transcript_canonical_status=Alternative|TMD_dG_app=0.33|SS_dG_fs=1.69|stem_loop_presence=Yes|search_side=downstream|fs_type=0_frame|frame_transition=no_frameshift|terminal_stop_codon=yes		1163	0	0	0	0	0	1
ensembl_transcript_id=ENST00000542935.5|ensembl_gene_id=ENSG00000135048.14|gene_name=CEMIP2|tmd_start=83|tmd_end=107|tmd_seq=FICFAITSFSFFIALAIILGISSKY|ss_nuc_start=108|ss_seq=TCCCCCT|tmd-SS_gap_size=47|ensembl_uniprot_annotation=No_uniprot_annotation|blastp_uniprot_annotation=Q9UHN6|transcript_canonical_status=Alternative|TMD_dG_app=-2.07|SS_dG_fs=2.13|stem_loop_presence=Yes|search_side=downstream|fs_type=0_frame|frame_transition=no_frameshift|terminal_stop_codon=yes		580	0	0	0	1	0	0
ensembl_transcript_id=ENST00000564288.6|ensembl_gene_id=ENSG00000127603.32|gene_name=MACF1|tmd_start=163|tmd_end=182|tmd_seq=LTLGLIWTIILHFQISDIYI|ss_nuc_start=381|ss_seq=TTTTCAT|tmd-SS_gap_size=36|ensembl_uniprot_annotation=No_uniprot_annotation|blastp_uniprot_annotation=Q9UPN3|transcript_canonical_status=Canonical|TMD_dG_app=0.69|SS_dG_fs=2.32|stem_loop_presence=Yes|search_side=downstream|fs_type=0_frame|frame_transition=no_frameshift|terminal_stop_codon=yes		7555	1	0	0	0	1	0
ensembl_transcript_id=ENST00000624481.4|ensembl_gene_id=ENSG00000002586.20|gene_name=CD99|tmd_start=126|tmd_end=148|tmd_seq=VIPGIVGAVVVAVAGAISSFIAY|ss_nuc_start=231|ss_seq=AAATCCA|tmd-SS_gap_size=49|ensembl_uniprot_annotation=No_uniprot_annotation|blastp_uniprot_annotation=P14209|transcript_canonical_status=Alternative|TMD_dG_app=1.01|SS_dG_fs=2.85|stem_loop_presence=Yes|search_side=downstream|fs_type=0_frame|frame_transition=no_frameshift|terminal_stop_codon=yes		184	0	0	0	0	1	0
ensembl_transcript_id=ENST00000648057.3|ensembl_gene_id=ENSG00000130487.9|gene_name=KLHDC7B|tmd_start=1039|tmd_end=1059|tmd_seq=LKLVALDGLLYAIGGECLYSM|ss_nuc_start=3000|ss_seq=GGGGGGC|tmd-SS_gap_size=39|ensembl_uniprot_annotation=No_uniprot_annotation|blastp_uniprot_annotation=Q96G42|transcript_canonical_status=Canonical|TMD_dG_app=2.46|SS_dG_fs=0.76|stem_loop_presence=Yes|search_side=downstream|fs_type=0_frame|frame_transition=no_frameshift|terminal_stop_codon=yes		1235	0	0	2	0	0	0
ensembl_transcript_id=ENST00000678591.1|ensembl_gene_id=ENSG00000150093.20|gene_name=ITGB1|tmd_start=728|tmd_end=752|tmd_seq=IVAGVVAGIVLIGLALLLIWKLLMI|ss_nuc_start=2070|ss_seq=GGATGTT|tmd-SS_gap_size=38|ensembl_uniprot_annotation=No_uniprot_annotation|blastp_uniprot_annotation=P05556|transcript_canonical_status=Alternative|TMD_dG_app=-3.69|SS_dG_fs=2.37|stem_loop_presence=Yes|search_side=downstream|fs_type=hungry_-2|frame_transition=691|terminal_stop_codon=yes		703	0	0	1	0	0	0
ensembl_transcript_id=ENST00000680220.1|ensembl_gene_id=ENSG00000174373.17|gene_name=RALGAPA1|tmd_start=1793|tmd_end=1808|tmd_seq=GPARCVALCSLGIWIC|ss_nuc_start=5247|ss_seq=CTTTCCC|tmd-SS_gap_size=44|ensembl_uniprot_annotation=No_uniprot_annotation|blastp_uniprot_annotation=Q6GYQ0|transcript_canonical_status=Canonical|TMD_dG_app=2.01|SS_dG_fs=2.66|stem_loop_presence=Yes|search_side=downstream|fs_type=0_frame|frame_transition=no_frameshift|terminal_stop_codon=yes		2542	0	0	1	0	0	0
ensembl_transcript_id=ENST00000683697.1|ensembl_gene_id=ENSG00000005810.20|gene_name=MYCBP2|tmd_start=1453|tmd_end=1475|tmd_seq=LLDLERLRFVGTCCLRLLRVYTC|ss_nuc_start=4215|ss_seq=CATTTTA|tmd-SS_gap_size=48|ensembl_uniprot_annotation=No_uniprot_annotation|blastp_uniprot_annotation=O75592|transcript_canonical_status=Alternative|TMD_dG_app=1.53|SS_dG_fs=1.11|stem_loop_presence=Yes|search_side=downstream|fs_type=0_frame|frame_transition=no_frameshift|terminal_stop_codon=yes		4772	0	0	0	0	0	2
ensembl_transcript_id=ENST00000696911.1|ensembl_gene_id=ENSG00000138448.13|gene_name=ITGAV|tmd_start=956|tmd_end=980|tmd_seq=VWVIILAVLAGLLLLAVLVFVMYRM|ss_nuc_start=2703|ss_seq=TTTGAAA|tmd-SS_gap_size=55|ensembl_uniprot_annotation=No_uniprot_annotation|blastp_uniprot_annotation=P06756|transcript_canonical_status=Alternative|TMD_dG_app=-4.88|SS_dG_fs=2.37|stem_loop_presence=Yes|search_side=downstream|fs_type=0_frame|frame_transition=no_frameshift|terminal_stop_codon=yes		1010	0	0	0	1	0	0
ensembl_transcript_id=ENST00000700518.1|ensembl_gene_id=ENSG00000115760.16|gene_name=BIRC6|tmd_start=2318|tmd_end=2342|tmd_seq=LVLFLLSMDFTCHADLLLFVCKVLA|ss_nuc_start=6810|ss_seq=GGATTTA|tmd-SS_gap_size=48|ensembl_uniprot_annotation=No_uniprot_annotation|blastp_uniprot_annotation=Q9NR09|transcript_canonical_status=Alternative|TMD_dG_app=1.04|SS_dG_fs=1.18|stem_loop_presence=Yes|search_side=downstream|fs_type=0_frame|frame_transition=no_frameshift|terminal_stop_codon=yes		4840	1	0	1	0	1	0
ensembl_transcript_id=ENST00000710331.1|ensembl_gene_id=ENSG00000292253.1|gene_name=TGOLN2|tmd_start=385|tmd_end=402|tmd_seq=FFAYLVTAAILVAVLYIA|ss_nuc_start=1026|ss_seq=GAAAGAA|tmd-SS_gap_size=43|ensembl_uniprot_annotation=No_uniprot_annotation|blastp_uniprot_annotation=O43493|transcript_canonical_status=Alternative|TMD_dG_app=-1.45|SS_dG_fs=2.84|stem_loop_presence=Yes|search_side=downstream|fs_type=0_frame|frame_transition=no_frameshift|terminal_stop_codon=yes		437	0	0	0	0	0	1
ensembl_transcript_id=ENST00000718260.1|ensembl_gene_id=ENSG00000198223.19|gene_name=CSF2RA|tmd_start=326|tmd_end=350|tmd_seq=YIYVLLIVGTLVCGIVLGFLFKRFL|ss_nuc_start=831|ss_seq=GGAAAAT|tmd-SS_gap_size=49|ensembl_uniprot_annotation=No_uniprot_annotation|blastp_uniprot_annotation=P15509|transcript_canonical_status=Alternative|TMD_dG_app=-3.73|SS_dG_fs=1.26|stem_loop_presence=Yes|search_side=downstream|fs_type=0_frame|frame_transition=no_frameshift|terminal_stop_codon=yes		431	0	0	1	0	0	0
P00366	GLUD1	558	0	0	0	1	0	0
P07339	CTSD	412	0	0	1	0	0	0
P09211	GSTP1	210	0	0	0	0	0	2
