Protein	Protein ID	Entry Name	Gene	Length	Is Decoy	Is Contaminant	Organism	Protein Description	Protein Existence	Coverage	Protein Probability	Top Peptide Probability	Protein Qvalue	Total Peptides	Unique Peptides	Razor Peptides	Total Spectral Count	Unique Spectral Count	Razor Spectral Count	Total Intensity	Unique Intensity	Razor Intensity	Razor Assigned Modifications	Razor Observed Modifications	Indistinguishable Proteins
ensembl_transcript_id=ENST00000202677.12|ensembl_gene_id=ENSG00000188559.16|gene_name=RALGAPA2|tmd_start=1806|tmd_end=1822|tmd_seq=LLPSLVCATCINASRAV|ss_nuc_start=5274|ss_seq=GGGTATT|tmd-SS_gap_size=48|ensembl_uniprot_annotation=Q2PPJ7|blastp_uniprot_annotation=Q2PPJ7|transcript_canonical_status=Canonical|TMD_dG_app=2.98|SS_dG_fs=1.07|stem_loop_presence=Yes|search_side=downstream|fs_type=dual_-1|frame_transition=1760|terminal_stop_codon=yes	ensembl_transcript_id=ENST00000202677.12|ensembl_gene_id=ENSG00000188559.16|gene_name=RALGAPA2|tmd_start=1806|tmd_end=1822|tmd_seq=LLPSLVCATCINASRAV|ss_nuc_start=5274|ss_seq=GGGTATT|tmd-SS_gap_size=48|ensembl_uniprot_annotation=Q2PPJ7|blastp_uniprot_annotation=Q2PPJ7|transcript_canonical_status=Canonical|TMD_dG_app=2.98|SS_dG_fs=1.07|stem_loop_presence=Yes|search_side=downstream|fs_type=dual_-1|frame_transition=1760|terminal_stop_codon=yes	ensembl_transcript_id=ENST00000202677.12|ensembl_gene_id=ENSG00000188559.16|gene_name=RALGAPA2|tmd_start=1806|tmd_end=1822|tmd_seq=LLPSLVCATCINASRAV|ss_nuc_start=5274|ss_seq=GGGTATT|tmd-SS_gap_size=48|ensembl_uniprot_annotation=Q2PPJ7|blastp_uniprot_annotation=Q2PPJ7|transcript_canonical_status=Canonical|TMD_dG_app=2.98|SS_dG_fs=1.07|stem_loop_presence=Yes|search_side=downstream|fs_type=dual_-1|frame_transition=1760|terminal_stop_codon=yes		1788	false	false		ensembl_transcript_id=ENST00000202677.12|ensembl_gene_id=ENSG00000188559.16|gene_name=RALGAPA2|tmd_start=1806|tmd_end=1822|tmd_seq=LLPSLVCATCINASRAV|ss_nuc_start=5274|ss_seq=GGGTATT|tmd-SS_gap_size=48|ensembl_uniprot_annotation=Q2PPJ7|blastp_uniprot_annotation=Q2PPJ7|transcript_canonical_status=Canonical|TMD_dG_app=2.98|SS_dG_fs=1.07|stem_loop_presence=Yes|search_side=downstream|fs_type=dual_-1|frame_transition=1760|terminal_stop_codon=yes		0.62	1.0000	0.9904	0.00000000000000	1	0	1	1	0	1	3.070489E7	0	3.070489E7			ensembl_transcript_id=ENST00000202677.12|ensembl_gene_id=ENSG00000188559.16|gene_name=RALGAPA2|tmd_start=1806|tmd_end=1822|tmd_seq=LLPSLVCATCINASRAV|ss_nuc_start=5274|ss_seq=GGGTATT|tmd-SS_gap_size=48|ensembl_uniprot_annotation=Q2PPJ7|blastp_uniprot_annotation=Q2PPJ7|transcript_canonical_status=Canonical|TMD_dG_app=2.98|SS_dG_fs=1.07|stem_loop_presence=Yes|search_side=downstream|fs_type=hungry_-1|frame_transition=1759|terminal_stop_codon=yes, ensembl_transcript_id=ENST00000202677.12|ensembl_gene_id=ENSG00000188559.16|gene_name=RALGAPA2|tmd_start=1806|tmd_end=1822|tmd_seq=LLPSLVCATCINASRAV|ss_nuc_start=5274|ss_seq=GGGTATT|tmd-SS_gap_size=48|ensembl_uniprot_annotation=Q2PPJ7|blastp_uniprot_annotation=Q2PPJ7|transcript_canonical_status=Canonical|TMD_dG_app=2.98|SS_dG_fs=1.07|stem_loop_presence=Yes|search_side=downstream|fs_type=hungry_-2|frame_transition=1759|terminal_stop_codon=yes, ensembl_transcript_id=ENST00000202677.12|ensembl_gene_id=ENSG00000188559.16|gene_name=RALGAPA2|tmd_start=1806|tmd_end=1822|tmd_seq=LLPSLVCATCINASRAV|ss_nuc_start=5310|ss_seq=CATTATT|tmd-SS_gap_size=36|ensembl_uniprot_annotation=Q2PPJ7|blastp_uniprot_annotation=Q2PPJ7|transcript_canonical_status=Canonical|TMD_dG_app=2.98|SS_dG_fs=1.62|stem_loop_presence=Yes|search_side=downstream|fs_type=dual_-1|frame_transition=1772|terminal_stop_codon=yes, ensembl_transcript_id=ENST00000202677.12|ensembl_gene_id=ENSG00000188559.16|gene_name=RALGAPA2|tmd_start=1806|tmd_end=1822|tmd_seq=LLPSLVCATCINASRAV|ss_nuc_start=5310|ss_seq=CATTATT|tmd-SS_gap_size=36|ensembl_uniprot_annotation=Q2PPJ7|blastp_uniprot_annotation=Q2PPJ7|transcript_canonical_status=Canonical|TMD_dG_app=2.98|SS_dG_fs=1.62|stem_loop_presence=Yes|search_side=downstream|fs_type=hungry_-1|frame_transition=1771|terminal_stop_codon=yes, ensembl_transcript_id=ENST00000202677.12|ensembl_gene_id=ENSG00000188559.16|gene_name=RALGAPA2|tmd_start=1806|tmd_end=1822|tmd_seq=LLPSLVCATCINASRAV|ss_nuc_start=5310|ss_seq=CATTATT|tmd-SS_gap_size=36|ensembl_uniprot_annotation=Q2PPJ7|blastp_uniprot_annotation=Q2PPJ7|transcript_canonical_status=Canonical|TMD_dG_app=2.98|SS_dG_fs=1.62|stem_loop_presence=Yes|search_side=downstream|fs_type=hungry_-2|frame_transition=1771|terminal_stop_codon=yes
ensembl_transcript_id=ENST00000264832.8|ensembl_gene_id=ENSG00000090339.9|gene_name=ICAM1|tmd_start=478|tmd_end=502|tmd_seq=RYEIVIITVVAAAVIMGTAGLSTYL|ss_nuc_start=1269|ss_seq=GAACCCA|tmd-SS_gap_size=55|ensembl_uniprot_annotation=P05362|blastp_uniprot_annotation=P05362|transcript_canonical_status=Canonical|TMD_dG_app=-0.97|SS_dG_fs=2.63|stem_loop_presence=Yes|search_side=downstream|fs_type=dual_-1|frame_transition=425|terminal_stop_codon=yes	ensembl_transcript_id=ENST00000264832.8|ensembl_gene_id=ENSG00000090339.9|gene_name=ICAM1|tmd_start=478|tmd_end=502|tmd_seq=RYEIVIITVVAAAVIMGTAGLSTYL|ss_nuc_start=1269|ss_seq=GAACCCA|tmd-SS_gap_size=55|ensembl_uniprot_annotation=P05362|blastp_uniprot_annotation=P05362|transcript_canonical_status=Canonical|TMD_dG_app=-0.97|SS_dG_fs=2.63|stem_loop_presence=Yes|search_side=downstream|fs_type=dual_-1|frame_transition=425|terminal_stop_codon=yes	ensembl_transcript_id=ENST00000264832.8|ensembl_gene_id=ENSG00000090339.9|gene_name=ICAM1|tmd_start=478|tmd_end=502|tmd_seq=RYEIVIITVVAAAVIMGTAGLSTYL|ss_nuc_start=1269|ss_seq=GAACCCA|tmd-SS_gap_size=55|ensembl_uniprot_annotation=P05362|blastp_uniprot_annotation=P05362|transcript_canonical_status=Canonical|TMD_dG_app=-0.97|SS_dG_fs=2.63|stem_loop_presence=Yes|search_side=downstream|fs_type=dual_-1|frame_transition=425|terminal_stop_codon=yes		451	false	false		ensembl_transcript_id=ENST00000264832.8|ensembl_gene_id=ENSG00000090339.9|gene_name=ICAM1|tmd_start=478|tmd_end=502|tmd_seq=RYEIVIITVVAAAVIMGTAGLSTYL|ss_nuc_start=1269|ss_seq=GAACCCA|tmd-SS_gap_size=55|ensembl_uniprot_annotation=P05362|blastp_uniprot_annotation=P05362|transcript_canonical_status=Canonical|TMD_dG_app=-0.97|SS_dG_fs=2.63|stem_loop_presence=Yes|search_side=downstream|fs_type=dual_-1|frame_transition=425|terminal_stop_codon=yes		3.99	1.0000	0.9902	0.00000000000000	1	0	1	1	0	1	0	0	0			ensembl_transcript_id=ENST00000264832.8|ensembl_gene_id=ENSG00000090339.9|gene_name=ICAM1|tmd_start=478|tmd_end=502|tmd_seq=RYEIVIITVVAAAVIMGTAGLSTYL|ss_nuc_start=1269|ss_seq=GAACCCA|tmd-SS_gap_size=55|ensembl_uniprot_annotation=P05362|blastp_uniprot_annotation=P05362|transcript_canonical_status=Canonical|TMD_dG_app=-0.97|SS_dG_fs=2.63|stem_loop_presence=Yes|search_side=downstream|fs_type=hungry_-1|frame_transition=424|terminal_stop_codon=yes, ensembl_transcript_id=ENST00000264832.8|ensembl_gene_id=ENSG00000090339.9|gene_name=ICAM1|tmd_start=478|tmd_end=502|tmd_seq=RYEIVIITVVAAAVIMGTAGLSTYL|ss_nuc_start=1269|ss_seq=GAACCCA|tmd-SS_gap_size=55|ensembl_uniprot_annotation=P05362|blastp_uniprot_annotation=P05362|transcript_canonical_status=Canonical|TMD_dG_app=-0.97|SS_dG_fs=2.63|stem_loop_presence=Yes|search_side=downstream|fs_type=hungry_-2|frame_transition=424|terminal_stop_codon=yes, ensembl_transcript_id=ENST00000264832.8|ensembl_gene_id=ENSG00000090339.9|gene_name=ICAM1|tmd_start=478|tmd_end=502|tmd_seq=RYEIVIITVVAAAVIMGTAGLSTYL|ss_nuc_start=1308|ss_seq=TTTCCCA|tmd-SS_gap_size=42|ensembl_uniprot_annotation=P05362|blastp_uniprot_annotation=P05362|transcript_canonical_status=Canonical|TMD_dG_app=-0.97|SS_dG_fs=2.77|stem_loop_presence=Yes|search_side=downstream|fs_type=dual_-1|frame_transition=438|terminal_stop_codon=yes, ensembl_transcript_id=ENST00000264832.8|ensembl_gene_id=ENSG00000090339.9|gene_name=ICAM1|tmd_start=478|tmd_end=502|tmd_seq=RYEIVIITVVAAAVIMGTAGLSTYL|ss_nuc_start=1308|ss_seq=TTTCCCA|tmd-SS_gap_size=42|ensembl_uniprot_annotation=P05362|blastp_uniprot_annotation=P05362|transcript_canonical_status=Canonical|TMD_dG_app=-0.97|SS_dG_fs=2.77|stem_loop_presence=Yes|search_side=downstream|fs_type=hungry_-1|frame_transition=437|terminal_stop_codon=yes, ensembl_transcript_id=ENST00000264832.8|ensembl_gene_id=ENSG00000090339.9|gene_name=ICAM1|tmd_start=478|tmd_end=502|tmd_seq=RYEIVIITVVAAAVIMGTAGLSTYL|ss_nuc_start=1308|ss_seq=TTTCCCA|tmd-SS_gap_size=42|ensembl_uniprot_annotation=P05362|blastp_uniprot_annotation=P05362|transcript_canonical_status=Canonical|TMD_dG_app=-0.97|SS_dG_fs=2.77|stem_loop_presence=Yes|search_side=downstream|fs_type=hungry_-2|frame_transition=437|terminal_stop_codon=yes
ensembl_transcript_id=ENST00000372759.4|ensembl_gene_id=ENSG00000084073.10|gene_name=ZMPSTE24|tmd_start=354|tmd_end=370|tmd_seq=MNSFLCFFLFAVLIGRK|ss_nuc_start=951|ss_seq=TAAAAAT|tmd-SS_gap_size=37|ensembl_uniprot_annotation=O75844|blastp_uniprot_annotation=O75844|transcript_canonical_status=Canonical|TMD_dG_app=0.28|SS_dG_fs=1.26|stem_loop_presence=Yes|search_side=downstream|fs_type=dual_-1|frame_transition=319|terminal_stop_codon=yes	ensembl_transcript_id=ENST00000372759.4|ensembl_gene_id=ENSG00000084073.10|gene_name=ZMPSTE24|tmd_start=354|tmd_end=370|tmd_seq=MNSFLCFFLFAVLIGRK|ss_nuc_start=951|ss_seq=TAAAAAT|tmd-SS_gap_size=37|ensembl_uniprot_annotation=O75844|blastp_uniprot_annotation=O75844|transcript_canonical_status=Canonical|TMD_dG_app=0.28|SS_dG_fs=1.26|stem_loop_presence=Yes|search_side=downstream|fs_type=dual_-1|frame_transition=319|terminal_stop_codon=yes	ensembl_transcript_id=ENST00000372759.4|ensembl_gene_id=ENSG00000084073.10|gene_name=ZMPSTE24|tmd_start=354|tmd_end=370|tmd_seq=MNSFLCFFLFAVLIGRK|ss_nuc_start=951|ss_seq=TAAAAAT|tmd-SS_gap_size=37|ensembl_uniprot_annotation=O75844|blastp_uniprot_annotation=O75844|transcript_canonical_status=Canonical|TMD_dG_app=0.28|SS_dG_fs=1.26|stem_loop_presence=Yes|search_side=downstream|fs_type=dual_-1|frame_transition=319|terminal_stop_codon=yes		319	false	false		ensembl_transcript_id=ENST00000372759.4|ensembl_gene_id=ENSG00000084073.10|gene_name=ZMPSTE24|tmd_start=354|tmd_end=370|tmd_seq=MNSFLCFFLFAVLIGRK|ss_nuc_start=951|ss_seq=TAAAAAT|tmd-SS_gap_size=37|ensembl_uniprot_annotation=O75844|blastp_uniprot_annotation=O75844|transcript_canonical_status=Canonical|TMD_dG_app=0.28|SS_dG_fs=1.26|stem_loop_presence=Yes|search_side=downstream|fs_type=dual_-1|frame_transition=319|terminal_stop_codon=yes		9.09	1.0000	0.9971	0.00000000000000	1	1	1	1	1	1	2.05251936E8	2.05251936E8	2.05251936E8			
ensembl_transcript_id=ENST00000373451.9|ensembl_gene_id=ENSG00000137200.13|gene_name=CMTR1|tmd_start=783|tmd_end=801|tmd_seq=LPADSIAPFHICYYGRLFW|ss_nuc_start=2190|ss_seq=CCCAAAG|tmd-SS_gap_size=53|ensembl_uniprot_annotation=Q8N1G2|blastp_uniprot_annotation=Q8N1G2|transcript_canonical_status=Canonical|TMD_dG_app=3.68|SS_dG_fs=2.89|stem_loop_presence=Yes|search_side=downstream|fs_type=dual_-1|frame_transition=732|terminal_stop_codon=yes	ensembl_transcript_id=ENST00000373451.9|ensembl_gene_id=ENSG00000137200.13|gene_name=CMTR1|tmd_start=783|tmd_end=801|tmd_seq=LPADSIAPFHICYYGRLFW|ss_nuc_start=2190|ss_seq=CCCAAAG|tmd-SS_gap_size=53|ensembl_uniprot_annotation=Q8N1G2|blastp_uniprot_annotation=Q8N1G2|transcript_canonical_status=Canonical|TMD_dG_app=3.68|SS_dG_fs=2.89|stem_loop_presence=Yes|search_side=downstream|fs_type=dual_-1|frame_transition=732|terminal_stop_codon=yes	ensembl_transcript_id=ENST00000373451.9|ensembl_gene_id=ENSG00000137200.13|gene_name=CMTR1|tmd_start=783|tmd_end=801|tmd_seq=LPADSIAPFHICYYGRLFW|ss_nuc_start=2190|ss_seq=CCCAAAG|tmd-SS_gap_size=53|ensembl_uniprot_annotation=Q8N1G2|blastp_uniprot_annotation=Q8N1G2|transcript_canonical_status=Canonical|TMD_dG_app=3.68|SS_dG_fs=2.89|stem_loop_presence=Yes|search_side=downstream|fs_type=dual_-1|frame_transition=732|terminal_stop_codon=yes		738	false	false		ensembl_transcript_id=ENST00000373451.9|ensembl_gene_id=ENSG00000137200.13|gene_name=CMTR1|tmd_start=783|tmd_end=801|tmd_seq=LPADSIAPFHICYYGRLFW|ss_nuc_start=2190|ss_seq=CCCAAAG|tmd-SS_gap_size=53|ensembl_uniprot_annotation=Q8N1G2|blastp_uniprot_annotation=Q8N1G2|transcript_canonical_status=Canonical|TMD_dG_app=3.68|SS_dG_fs=2.89|stem_loop_presence=Yes|search_side=downstream|fs_type=dual_-1|frame_transition=732|terminal_stop_codon=yes		1.49	1.0000	0.9928	0.00000000000000	1	0	1	1	0	1	2745635.2	0	2745635.2			ensembl_transcript_id=ENST00000373451.9|ensembl_gene_id=ENSG00000137200.13|gene_name=CMTR1|tmd_start=783|tmd_end=801|tmd_seq=LPADSIAPFHICYYGRLFW|ss_nuc_start=2190|ss_seq=CCCAAAG|tmd-SS_gap_size=53|ensembl_uniprot_annotation=Q8N1G2|blastp_uniprot_annotation=Q8N1G2|transcript_canonical_status=Canonical|TMD_dG_app=3.68|SS_dG_fs=2.89|stem_loop_presence=Yes|search_side=downstream|fs_type=hungry_-1|frame_transition=731|terminal_stop_codon=yes, ensembl_transcript_id=ENST00000373451.9|ensembl_gene_id=ENSG00000137200.13|gene_name=CMTR1|tmd_start=783|tmd_end=801|tmd_seq=LPADSIAPFHICYYGRLFW|ss_nuc_start=2190|ss_seq=CCCAAAG|tmd-SS_gap_size=53|ensembl_uniprot_annotation=Q8N1G2|blastp_uniprot_annotation=Q8N1G2|transcript_canonical_status=Canonical|TMD_dG_app=3.68|SS_dG_fs=2.89|stem_loop_presence=Yes|search_side=downstream|fs_type=hungry_-2|frame_transition=731|terminal_stop_codon=yes
ensembl_transcript_id=ENST00000638088.2|ensembl_gene_id=ENSG00000173852.16|gene_name=DPY19L1|tmd_start=528|tmd_end=549|tmd_seq=ALQLLAYTALGILIMRLKLFLT|ss_nuc_start=1473|ss_seq=GTTTGTT|tmd-SS_gap_size=37|ensembl_uniprot_annotation=No_uniprot_annotation|blastp_uniprot_annotation=Q2PZI1|transcript_canonical_status=Canonical|TMD_dG_app=-0.82|SS_dG_fs=2.42|stem_loop_presence=Yes|search_side=downstream|fs_type=dual_-1|frame_transition=493|terminal_stop_codon=yes	ensembl_transcript_id=ENST00000638088.2|ensembl_gene_id=ENSG00000173852.16|gene_name=DPY19L1|tmd_start=528|tmd_end=549|tmd_seq=ALQLLAYTALGILIMRLKLFLT|ss_nuc_start=1473|ss_seq=GTTTGTT|tmd-SS_gap_size=37|ensembl_uniprot_annotation=No_uniprot_annotation|blastp_uniprot_annotation=Q2PZI1|transcript_canonical_status=Canonical|TMD_dG_app=-0.82|SS_dG_fs=2.42|stem_loop_presence=Yes|search_side=downstream|fs_type=dual_-1|frame_transition=493|terminal_stop_codon=yes	ensembl_transcript_id=ENST00000638088.2|ensembl_gene_id=ENSG00000173852.16|gene_name=DPY19L1|tmd_start=528|tmd_end=549|tmd_seq=ALQLLAYTALGILIMRLKLFLT|ss_nuc_start=1473|ss_seq=GTTTGTT|tmd-SS_gap_size=37|ensembl_uniprot_annotation=No_uniprot_annotation|blastp_uniprot_annotation=Q2PZI1|transcript_canonical_status=Canonical|TMD_dG_app=-0.82|SS_dG_fs=2.42|stem_loop_presence=Yes|search_side=downstream|fs_type=dual_-1|frame_transition=493|terminal_stop_codon=yes		496	false	false		ensembl_transcript_id=ENST00000638088.2|ensembl_gene_id=ENSG00000173852.16|gene_name=DPY19L1|tmd_start=528|tmd_end=549|tmd_seq=ALQLLAYTALGILIMRLKLFLT|ss_nuc_start=1473|ss_seq=GTTTGTT|tmd-SS_gap_size=37|ensembl_uniprot_annotation=No_uniprot_annotation|blastp_uniprot_annotation=Q2PZI1|transcript_canonical_status=Canonical|TMD_dG_app=-0.82|SS_dG_fs=2.42|stem_loop_presence=Yes|search_side=downstream|fs_type=dual_-1|frame_transition=493|terminal_stop_codon=yes		3.63	1.0000	0.9990	0.00000000000000	1	0	1	1	0	1	2.7184096E8	0	2.7184096E8			ensembl_transcript_id=ENST00000638088.2|ensembl_gene_id=ENSG00000173852.16|gene_name=DPY19L1|tmd_start=528|tmd_end=549|tmd_seq=ALQLLAYTALGILIMRLKLFLT|ss_nuc_start=1473|ss_seq=GTTTGTT|tmd-SS_gap_size=37|ensembl_uniprot_annotation=No_uniprot_annotation|blastp_uniprot_annotation=Q2PZI1|transcript_canonical_status=Canonical|TMD_dG_app=-0.82|SS_dG_fs=2.42|stem_loop_presence=Yes|search_side=downstream|fs_type=hungry_-1|frame_transition=492|terminal_stop_codon=yes, ensembl_transcript_id=ENST00000638088.2|ensembl_gene_id=ENSG00000173852.16|gene_name=DPY19L1|tmd_start=528|tmd_end=549|tmd_seq=ALQLLAYTALGILIMRLKLFLT|ss_nuc_start=1473|ss_seq=GTTTGTT|tmd-SS_gap_size=37|ensembl_uniprot_annotation=No_uniprot_annotation|blastp_uniprot_annotation=Q2PZI1|transcript_canonical_status=Canonical|TMD_dG_app=-0.82|SS_dG_fs=2.42|stem_loop_presence=Yes|search_side=downstream|fs_type=hungry_-2|frame_transition=492|terminal_stop_codon=yes
ensembl_transcript_id=ENST00000680220.1|ensembl_gene_id=ENSG00000174373.17|gene_name=RALGAPA1|tmd_start=2267|tmd_end=2286|tmd_seq=AFYYCRLLLSILGMNSWDKR|ss_nuc_start=6660|ss_seq=TGAAAAA|tmd-SS_gap_size=47|ensembl_uniprot_annotation=No_uniprot_annotation|blastp_uniprot_annotation=Q6GYQ0|transcript_canonical_status=Canonical|TMD_dG_app=1.31|SS_dG_fs=2.46|stem_loop_presence=Yes|search_side=downstream|fs_type=dual_-1|frame_transition=2222|terminal_stop_codon=yes	ensembl_transcript_id=ENST00000680220.1|ensembl_gene_id=ENSG00000174373.17|gene_name=RALGAPA1|tmd_start=2267|tmd_end=2286|tmd_seq=AFYYCRLLLSILGMNSWDKR|ss_nuc_start=6660|ss_seq=TGAAAAA|tmd-SS_gap_size=47|ensembl_uniprot_annotation=No_uniprot_annotation|blastp_uniprot_annotation=Q6GYQ0|transcript_canonical_status=Canonical|TMD_dG_app=1.31|SS_dG_fs=2.46|stem_loop_presence=Yes|search_side=downstream|fs_type=dual_-1|frame_transition=2222|terminal_stop_codon=yes	ensembl_transcript_id=ENST00000680220.1|ensembl_gene_id=ENSG00000174373.17|gene_name=RALGAPA1|tmd_start=2267|tmd_end=2286|tmd_seq=AFYYCRLLLSILGMNSWDKR|ss_nuc_start=6660|ss_seq=TGAAAAA|tmd-SS_gap_size=47|ensembl_uniprot_annotation=No_uniprot_annotation|blastp_uniprot_annotation=Q6GYQ0|transcript_canonical_status=Canonical|TMD_dG_app=1.31|SS_dG_fs=2.46|stem_loop_presence=Yes|search_side=downstream|fs_type=dual_-1|frame_transition=2222|terminal_stop_codon=yes		2225	false	false		ensembl_transcript_id=ENST00000680220.1|ensembl_gene_id=ENSG00000174373.17|gene_name=RALGAPA1|tmd_start=2267|tmd_end=2286|tmd_seq=AFYYCRLLLSILGMNSWDKR|ss_nuc_start=6660|ss_seq=TGAAAAA|tmd-SS_gap_size=47|ensembl_uniprot_annotation=No_uniprot_annotation|blastp_uniprot_annotation=Q6GYQ0|transcript_canonical_status=Canonical|TMD_dG_app=1.31|SS_dG_fs=2.46|stem_loop_presence=Yes|search_side=downstream|fs_type=dual_-1|frame_transition=2222|terminal_stop_codon=yes		0.90	1.0000	0.9987	0.00000000000000	1	0	1	1	0	1	3.874494E7	0	3.874494E7	7C(57.0215)		ensembl_transcript_id=ENST00000680220.1|ensembl_gene_id=ENSG00000174373.17|gene_name=RALGAPA1|tmd_start=2267|tmd_end=2286|tmd_seq=AFYYCRLLLSILGMNSWDKR|ss_nuc_start=6660|ss_seq=TGAAAAA|tmd-SS_gap_size=47|ensembl_uniprot_annotation=No_uniprot_annotation|blastp_uniprot_annotation=Q6GYQ0|transcript_canonical_status=Canonical|TMD_dG_app=1.31|SS_dG_fs=2.46|stem_loop_presence=Yes|search_side=downstream|fs_type=hungry_-1|frame_transition=2221|terminal_stop_codon=yes, ensembl_transcript_id=ENST00000680220.1|ensembl_gene_id=ENSG00000174373.17|gene_name=RALGAPA1|tmd_start=2267|tmd_end=2286|tmd_seq=AFYYCRLLLSILGMNSWDKR|ss_nuc_start=6660|ss_seq=TGAAAAA|tmd-SS_gap_size=47|ensembl_uniprot_annotation=No_uniprot_annotation|blastp_uniprot_annotation=Q6GYQ0|transcript_canonical_status=Canonical|TMD_dG_app=1.31|SS_dG_fs=2.46|stem_loop_presence=Yes|search_side=downstream|fs_type=hungry_-2|frame_transition=2221|terminal_stop_codon=yes, ensembl_transcript_id=ENST00000680220.1|ensembl_gene_id=ENSG00000174373.17|gene_name=RALGAPA1|tmd_start=2267|tmd_end=2286|tmd_seq=AFYYCRLLLSILGMNSWDKR|ss_nuc_start=6663|ss_seq=AAAACAA|tmd-SS_gap_size=46|ensembl_uniprot_annotation=No_uniprot_annotation|blastp_uniprot_annotation=Q6GYQ0|transcript_canonical_status=Canonical|TMD_dG_app=1.31|SS_dG_fs=2.02|stem_loop_presence=Yes|search_side=downstream|fs_type=dual_-1|frame_transition=2223|terminal_stop_codon=yes, ensembl_transcript_id=ENST00000680220.1|ensembl_gene_id=ENSG00000174373.17|gene_name=RALGAPA1|tmd_start=2267|tmd_end=2286|tmd_seq=AFYYCRLLLSILGMNSWDKR|ss_nuc_start=6663|ss_seq=AAAACAA|tmd-SS_gap_size=46|ensembl_uniprot_annotation=No_uniprot_annotation|blastp_uniprot_annotation=Q6GYQ0|transcript_canonical_status=Canonical|TMD_dG_app=1.31|SS_dG_fs=2.02|stem_loop_presence=Yes|search_side=downstream|fs_type=hungry_-1|frame_transition=2222|terminal_stop_codon=yes, ensembl_transcript_id=ENST00000680220.1|ensembl_gene_id=ENSG00000174373.17|gene_name=RALGAPA1|tmd_start=2267|tmd_end=2286|tmd_seq=AFYYCRLLLSILGMNSWDKR|ss_nuc_start=6663|ss_seq=AAAACAA|tmd-SS_gap_size=46|ensembl_uniprot_annotation=No_uniprot_annotation|blastp_uniprot_annotation=Q6GYQ0|transcript_canonical_status=Canonical|TMD_dG_app=1.31|SS_dG_fs=2.02|stem_loop_presence=Yes|search_side=downstream|fs_type=hungry_-2|frame_transition=2222|terminal_stop_codon=yes, ensembl_transcript_id=ENST00000680220.1|ensembl_gene_id=ENSG00000174373.17|gene_name=RALGAPA1|tmd_start=2267|tmd_end=2286|tmd_seq=AFYYCRLLLSILGMNSWDKR|ss_nuc_start=6669|ss_seq=AGAAAAT|tmd-SS_gap_size=44|ensembl_uniprot_annotation=No_uniprot_annotation|blastp_uniprot_annotation=Q6GYQ0|transcript_canonical_status=Canonical|TMD_dG_app=1.31|SS_dG_fs=2.79|stem_loop_presence=Yes|search_side=downstream|fs_type=dual_-1|frame_transition=2225|terminal_stop_codon=yes, ensembl_transcript_id=ENST00000680220.1|ensembl_gene_id=ENSG00000174373.17|gene_name=RALGAPA1|tmd_start=2267|tmd_end=2286|tmd_seq=AFYYCRLLLSILGMNSWDKR|ss_nuc_start=6669|ss_seq=AGAAAAT|tmd-SS_gap_size=44|ensembl_uniprot_annotation=No_uniprot_annotation|blastp_uniprot_annotation=Q6GYQ0|transcript_canonical_status=Canonical|TMD_dG_app=1.31|SS_dG_fs=2.79|stem_loop_presence=Yes|search_side=downstream|fs_type=hungry_-1|frame_transition=2224|terminal_stop_codon=yes, ensembl_transcript_id=ENST00000680220.1|ensembl_gene_id=ENSG00000174373.17|gene_name=RALGAPA1|tmd_start=2267|tmd_end=2286|tmd_seq=AFYYCRLLLSILGMNSWDKR|ss_nuc_start=6669|ss_seq=AGAAAAT|tmd-SS_gap_size=44|ensembl_uniprot_annotation=No_uniprot_annotation|blastp_uniprot_annotation=Q6GYQ0|transcript_canonical_status=Canonical|TMD_dG_app=1.31|SS_dG_fs=2.79|stem_loop_presence=Yes|search_side=downstream|fs_type=hungry_-2|frame_transition=2224|terminal_stop_codon=yes, ensembl_transcript_id=ENST00000680220.1|ensembl_gene_id=ENSG00000174373.17|gene_name=RALGAPA1|tmd_start=2267|tmd_end=2286|tmd_seq=AFYYCRLLLSILGMNSWDKR|ss_nuc_start=6678|ss_seq=TGTTATT|tmd-SS_gap_size=41|ensembl_uniprot_annotation=No_uniprot_annotation|blastp_uniprot_annotation=Q6GYQ0|transcript_canonical_status=Canonical|TMD_dG_app=1.31|SS_dG_fs=2.30|stem_loop_presence=Yes|search_side=downstream|fs_type=dual_-1|frame_transition=2228|terminal_stop_codon=yes, ensembl_transcript_id=ENST00000680220.1|ensembl_gene_id=ENSG00000174373.17|gene_name=RALGAPA1|tmd_start=2267|tmd_end=2286|tmd_seq=AFYYCRLLLSILGMNSWDKR|ss_nuc_start=6678|ss_seq=TGTTATT|tmd-SS_gap_size=41|ensembl_uniprot_annotation=No_uniprot_annotation|blastp_uniprot_annotation=Q6GYQ0|transcript_canonical_status=Canonical|TMD_dG_app=1.31|SS_dG_fs=2.30|stem_loop_presence=Yes|search_side=downstream|fs_type=hungry_-1|frame_transition=2227|terminal_stop_codon=yes, ensembl_transcript_id=ENST00000680220.1|ensembl_gene_id=ENSG00000174373.17|gene_name=RALGAPA1|tmd_start=2267|tmd_end=2286|tmd_seq=AFYYCRLLLSILGMNSWDKR|ss_nuc_start=6678|ss_seq=TGTTATT|tmd-SS_gap_size=41|ensembl_uniprot_annotation=No_uniprot_annotation|blastp_uniprot_annotation=Q6GYQ0|transcript_canonical_status=Canonical|TMD_dG_app=1.31|SS_dG_fs=2.30|stem_loop_presence=Yes|search_side=downstream|fs_type=hungry_-2|frame_transition=2227|terminal_stop_codon=yes, ensembl_transcript_id=ENST00000680220.1|ensembl_gene_id=ENSG00000174373.17|gene_name=RALGAPA1|tmd_start=2267|tmd_end=2286|tmd_seq=AFYYCRLLLSILGMNSWDKR|ss_nuc_start=6681|ss_seq=TATTAAT|tmd-SS_gap_size=40|ensembl_uniprot_annotation=No_uniprot_annotation|blastp_uniprot_annotation=Q6GYQ0|transcript_canonical_status=Canonical|TMD_dG_app=1.31|SS_dG_fs=2.62|stem_loop_presence=Yes|search_side=downstream|fs_type=dual_-1|frame_transition=2229|terminal_stop_codon=yes, ensembl_transcript_id=ENST00000680220.1|ensembl_gene_id=ENSG00000174373.17|gene_name=RALGAPA1|tmd_start=2267|tmd_end=2286|tmd_seq=AFYYCRLLLSILGMNSWDKR|ss_nuc_start=6681|ss_seq=TATTAAT|tmd-SS_gap_size=40|ensembl_uniprot_annotation=No_uniprot_annotation|blastp_uniprot_annotation=Q6GYQ0|transcript_canonical_status=Canonical|TMD_dG_app=1.31|SS_dG_fs=2.62|stem_loop_presence=Yes|search_side=downstream|fs_type=hungry_-1|frame_transition=2228|terminal_stop_codon=yes, ensembl_transcript_id=ENST00000680220.1|ensembl_gene_id=ENSG00000174373.17|gene_name=RALGAPA1|tmd_start=2267|tmd_end=2286|tmd_seq=AFYYCRLLLSILGMNSWDKR|ss_nuc_start=6681|ss_seq=TATTAAT|tmd-SS_gap_size=40|ensembl_uniprot_annotation=No_uniprot_annotation|blastp_uniprot_annotation=Q6GYQ0|transcript_canonical_status=Canonical|TMD_dG_app=1.31|SS_dG_fs=2.62|stem_loop_presence=Yes|search_side=downstream|fs_type=hungry_-2|frame_transition=2228|terminal_stop_codon=yes
ensembl_transcript_id=ENST00000681528.1|ensembl_gene_id=ENSG00000197386.14|gene_name=HTT|tmd_start=2993|tmd_end=3017|tmd_seq=VAMATWSLSCFFVSASTSPWVAAIL|ss_nuc_start=8814|ss_seq=GAACAAA|tmd-SS_gap_size=55|ensembl_uniprot_annotation=No_uniprot_annotation|blastp_uniprot_annotation=P42858|transcript_canonical_status=Alternative|TMD_dG_app=1.08|SS_dG_fs=2.77|stem_loop_presence=Yes|search_side=downstream|fs_type=dual_-1|frame_transition=2940|terminal_stop_codon=yes	ensembl_transcript_id=ENST00000681528.1|ensembl_gene_id=ENSG00000197386.14|gene_name=HTT|tmd_start=2993|tmd_end=3017|tmd_seq=VAMATWSLSCFFVSASTSPWVAAIL|ss_nuc_start=8814|ss_seq=GAACAAA|tmd-SS_gap_size=55|ensembl_uniprot_annotation=No_uniprot_annotation|blastp_uniprot_annotation=P42858|transcript_canonical_status=Alternative|TMD_dG_app=1.08|SS_dG_fs=2.77|stem_loop_presence=Yes|search_side=downstream|fs_type=dual_-1|frame_transition=2940|terminal_stop_codon=yes	ensembl_transcript_id=ENST00000681528.1|ensembl_gene_id=ENSG00000197386.14|gene_name=HTT|tmd_start=2993|tmd_end=3017|tmd_seq=VAMATWSLSCFFVSASTSPWVAAIL|ss_nuc_start=8814|ss_seq=GAACAAA|tmd-SS_gap_size=55|ensembl_uniprot_annotation=No_uniprot_annotation|blastp_uniprot_annotation=P42858|transcript_canonical_status=Alternative|TMD_dG_app=1.08|SS_dG_fs=2.77|stem_loop_presence=Yes|search_side=downstream|fs_type=dual_-1|frame_transition=2940|terminal_stop_codon=yes		2961	false	false		ensembl_transcript_id=ENST00000681528.1|ensembl_gene_id=ENSG00000197386.14|gene_name=HTT|tmd_start=2993|tmd_end=3017|tmd_seq=VAMATWSLSCFFVSASTSPWVAAIL|ss_nuc_start=8814|ss_seq=GAACAAA|tmd-SS_gap_size=55|ensembl_uniprot_annotation=No_uniprot_annotation|blastp_uniprot_annotation=P42858|transcript_canonical_status=Alternative|TMD_dG_app=1.08|SS_dG_fs=2.77|stem_loop_presence=Yes|search_side=downstream|fs_type=dual_-1|frame_transition=2940|terminal_stop_codon=yes		0.47	1.0000	0.9900	0.00000000000000	1	0	1	1	0	1	4.3671704E7	0	4.3671704E7			ensembl_transcript_id=ENST00000681528.1|ensembl_gene_id=ENSG00000197386.14|gene_name=HTT|tmd_start=2993|tmd_end=3017|tmd_seq=VAMATWSLSCFFVSASTSPWVAAIL|ss_nuc_start=8814|ss_seq=GAACAAA|tmd-SS_gap_size=55|ensembl_uniprot_annotation=No_uniprot_annotation|blastp_uniprot_annotation=P42858|transcript_canonical_status=Alternative|TMD_dG_app=1.08|SS_dG_fs=2.77|stem_loop_presence=Yes|search_side=downstream|fs_type=hungry_-1|frame_transition=2939|terminal_stop_codon=yes, ensembl_transcript_id=ENST00000681528.1|ensembl_gene_id=ENSG00000197386.14|gene_name=HTT|tmd_start=2993|tmd_end=3017|tmd_seq=VAMATWSLSCFFVSASTSPWVAAIL|ss_nuc_start=8814|ss_seq=GAACAAA|tmd-SS_gap_size=55|ensembl_uniprot_annotation=No_uniprot_annotation|blastp_uniprot_annotation=P42858|transcript_canonical_status=Alternative|TMD_dG_app=1.08|SS_dG_fs=2.77|stem_loop_presence=Yes|search_side=downstream|fs_type=hungry_-2|frame_transition=2939|terminal_stop_codon=yes
sp|P00366|DHE3_BOVIN	P00366	DHE3_BOVIN	GLUD1	558	false	false	Bos taurus	Glutamate dehydrogenase 1, mitochondrial	1:Experimental evidence at protein level	2.69	1.0000	0.9972	0.00000000000000	1	1	1	1	1	1	0	0	0			
ensembl_transcript_id=ENST00000287474.9|ensembl_gene_id=ENSG00000156869.14|gene_name=FRRS1|tmd_start=556|tmd_end=578|tmd_seq=LLKRQCWQFMSVGMLLFSSYFYL|ss_nuc_start=1503|ss_seq=GGATTTA|tmd-SS_gap_size=55|ensembl_uniprot_annotation=Q6ZNA5|blastp_uniprot_annotation=Q6ZNA5|transcript_canonical_status=Alternative|TMD_dG_app=1.00|SS_dG_fs=1.18|stem_loop_presence=Yes|search_side=downstream|fs_type=dual_-1|frame_transition=503|terminal_stop_codon=yes	ensembl_transcript_id=ENST00000287474.9|ensembl_gene_id=ENSG00000156869.14|gene_name=FRRS1|tmd_start=556|tmd_end=578|tmd_seq=LLKRQCWQFMSVGMLLFSSYFYL|ss_nuc_start=1503|ss_seq=GGATTTA|tmd-SS_gap_size=55|ensembl_uniprot_annotation=Q6ZNA5|blastp_uniprot_annotation=Q6ZNA5|transcript_canonical_status=Alternative|TMD_dG_app=1.00|SS_dG_fs=1.18|stem_loop_presence=Yes|search_side=downstream|fs_type=dual_-1|frame_transition=503|terminal_stop_codon=yes	ensembl_transcript_id=ENST00000287474.9|ensembl_gene_id=ENSG00000156869.14|gene_name=FRRS1|tmd_start=556|tmd_end=578|tmd_seq=LLKRQCWQFMSVGMLLFSSYFYL|ss_nuc_start=1503|ss_seq=GGATTTA|tmd-SS_gap_size=55|ensembl_uniprot_annotation=Q6ZNA5|blastp_uniprot_annotation=Q6ZNA5|transcript_canonical_status=Alternative|TMD_dG_app=1.00|SS_dG_fs=1.18|stem_loop_presence=Yes|search_side=downstream|fs_type=dual_-1|frame_transition=503|terminal_stop_codon=yes		509	false	false		ensembl_transcript_id=ENST00000287474.9|ensembl_gene_id=ENSG00000156869.14|gene_name=FRRS1|tmd_start=556|tmd_end=578|tmd_seq=LLKRQCWQFMSVGMLLFSSYFYL|ss_nuc_start=1503|ss_seq=GGATTTA|tmd-SS_gap_size=55|ensembl_uniprot_annotation=Q6ZNA5|blastp_uniprot_annotation=Q6ZNA5|transcript_canonical_status=Alternative|TMD_dG_app=1.00|SS_dG_fs=1.18|stem_loop_presence=Yes|search_side=downstream|fs_type=dual_-1|frame_transition=503|terminal_stop_codon=yes		1.96	0.9999	0.9921	0.00000000000000	1	0	1	1	0	1	2.2356284E7	0	2.2356284E7	2C(57.0215)		ensembl_transcript_id=ENST00000287474.9|ensembl_gene_id=ENSG00000156869.14|gene_name=FRRS1|tmd_start=556|tmd_end=578|tmd_seq=LLKRQCWQFMSVGMLLFSSYFYL|ss_nuc_start=1503|ss_seq=GGATTTA|tmd-SS_gap_size=55|ensembl_uniprot_annotation=Q6ZNA5|blastp_uniprot_annotation=Q6ZNA5|transcript_canonical_status=Alternative|TMD_dG_app=1.00|SS_dG_fs=1.18|stem_loop_presence=Yes|search_side=downstream|fs_type=hungry_-1|frame_transition=502|terminal_stop_codon=yes, ensembl_transcript_id=ENST00000287474.9|ensembl_gene_id=ENSG00000156869.14|gene_name=FRRS1|tmd_start=556|tmd_end=578|tmd_seq=LLKRQCWQFMSVGMLLFSSYFYL|ss_nuc_start=1503|ss_seq=GGATTTA|tmd-SS_gap_size=55|ensembl_uniprot_annotation=Q6ZNA5|blastp_uniprot_annotation=Q6ZNA5|transcript_canonical_status=Alternative|TMD_dG_app=1.00|SS_dG_fs=1.18|stem_loop_presence=Yes|search_side=downstream|fs_type=hungry_-2|frame_transition=502|terminal_stop_codon=yes
