PROTID	GENEID	GM12878_AspN_HCD_INT	HUVEC_AspN_CAD_INT	HUVEC_AspN_HCD_INT	HeLa_AspN_HCD_INT	HepG2_AspN_HCD_INT	K562_AspN_HCD_INT	hESC_AspN_HCD_INT
na	na	GM12878_AspN_HCD	HUVEC_AspN_CAD	HUVEC_AspN_HCD	HeLa_AspN_HCD	HepG2_AspN_HCD	K562_AspN_HCD	hESC_AspN_HCD
ensembl_transcript_id=ENST00000211402.10|ensembl_gene_id=ENSG00000096171.14|gene_name=VARS1|tmd_start=1153|tmd_end=1172|tmd_seq=YVQALASAGVVAVLALGAPA|ss_nuc_start=3300|ss_seq=GGACCCC|tmd-SS_gap_size=53|ensembl_uniprot_annotation=P26640|blastp_uniprot_annotation=P26640|transcript_canonical_status=Canonical|TMD_dG_app=1.30|SS_dG_fs=2.61|stem_loop_presence=Yes|search_side=downstream|fs_type=dual_-1|frame_transition=1102|terminal_stop_codon=yes		0	0	0	8.319516E7	0	0	0
ensembl_transcript_id=ENST00000254624.10|ensembl_gene_id=ENSG00000132294.15|gene_name=EFR3A|tmd_start=589|tmd_end=608|tmd_seq=LPMFHRCGIMALVAAYLNFV|ss_nuc_start=1605|ss_seq=TTTGGGT|tmd-SS_gap_size=54|ensembl_uniprot_annotation=Q14156|blastp_uniprot_annotation=Q14156|transcript_canonical_status=Canonical|TMD_dG_app=1.21|SS_dG_fs=2.25|stem_loop_presence=Yes|search_side=downstream|fs_type=dual_-1|frame_transition=537|terminal_stop_codon=yes		0	0	0	3.1052086E7	0	0	0
ensembl_transcript_id=ENST00000272163.9|ensembl_gene_id=ENSG00000143815.15|gene_name=LBR|tmd_start=567|tmd_end=586|tmd_seq=ILPYFYIIYFTMLLVHREAR|ss_nuc_start=1590|ss_seq=GGGAAAA|tmd-SS_gap_size=37|ensembl_uniprot_annotation=Q14739|blastp_uniprot_annotation=Q14739|transcript_canonical_status=Canonical|TMD_dG_app=1.02|SS_dG_fs=0.55|stem_loop_presence=Yes|search_side=downstream|fs_type=dual_-1|frame_transition=532|terminal_stop_codon=yes		0	0	0	0	0	0	1.2818389E7
ensembl_transcript_id=ENST00000370355.3|ensembl_gene_id=ENSG00000099194.6|gene_name=SCD|tmd_start=246|tmd_end=268|tmd_seq=VFVATFLRYAVVLNATWLVNSAA|ss_nuc_start=585|ss_seq=GAAGGGG|tmd-SS_gap_size=51|ensembl_uniprot_annotation=O00767|blastp_uniprot_annotation=O00767|transcript_canonical_status=Canonical|TMD_dG_app=1.59|SS_dG_fs=2.48|stem_loop_presence=Yes|search_side=downstream|fs_type=dual_-1|frame_transition=197|terminal_stop_codon=yes		0	0	0	2.71414208E8	0	0	0
ensembl_transcript_id=ENST00000374840.8|ensembl_gene_id=ENSG00000162551.14|gene_name=ALPL|tmd_start=503|tmd_end=524|tmd_seq=AGSLAAGPLLLALALYPLSVLF|ss_nuc_start=1392|ss_seq=GGGCCCC|tmd-SS_gap_size=39|ensembl_uniprot_annotation=P05186|blastp_uniprot_annotation=P05186|transcript_canonical_status=Canonical|TMD_dG_app=0.19|SS_dG_fs=0.76|stem_loop_presence=Yes|search_side=downstream|fs_type=dual_-1|frame_transition=466|terminal_stop_codon=no		0	0	0	0	0	0	2.2884888E7
ensembl_transcript_id=ENST00000375023.3|ensembl_gene_id=ENSG00000204301.6|gene_name=NOTCH4|tmd_start=1407|tmd_end=1425|tmd_seq=LLLRFLAAMAAVGALEPLL|ss_nuc_start=4065|ss_seq=GGACCCC|tmd-SS_gap_size=52|ensembl_uniprot_annotation=Q99466|blastp_uniprot_annotation=Q99466|transcript_canonical_status=Canonical|TMD_dG_app=0.17|SS_dG_fs=2.61|stem_loop_presence=Yes|search_side=downstream|fs_type=dual_-1|frame_transition=1357|terminal_stop_codon=yes		0	0	0	8.5635136E7	0	0	0
ensembl_transcript_id=ENST00000381160.8|ensembl_gene_id=ENSG00000015520.15|gene_name=NPC1L1|tmd_start=1140|tmd_end=1163|tmd_seq=LNLLSIVMILVDTVGFMALWGISY|ss_nuc_start=3264|ss_seq=GGCTTTT|tmd-SS_gap_size=52|ensembl_uniprot_annotation=No_uniprot_annotation|blastp_uniprot_annotation=Q9UHC9|transcript_canonical_status=Canonical|TMD_dG_app=0.10|SS_dG_fs=2.66|stem_loop_presence=Yes|search_side=downstream|fs_type=dual_-1|frame_transition=1090|terminal_stop_codon=yes		0	0	0	0	4.2874792E7	0	0
ensembl_transcript_id=ENST00000413698.5|ensembl_gene_id=ENSG00000185811.21|gene_name=IKZF1|tmd_start=111|tmd_end=126|tmd_seq=LFYSLDTYHIIFGYLY|ss_nuc_start=186|ss_seq=GGATTTC|tmd-SS_gap_size=49|ensembl_uniprot_annotation=No_uniprot_annotation|blastp_uniprot_annotation=Q13422|transcript_canonical_status=Alternative|TMD_dG_app=3.44|SS_dG_fs=2.86|stem_loop_presence=Yes|search_side=downstream|fs_type=dual_-1|frame_transition=64|terminal_stop_codon=yes		0	0	0	0	0	5.5312264E7	0
ensembl_transcript_id=ENST00000431081.6|ensembl_gene_id=ENSG00000149577.17|gene_name=SIDT2|tmd_start=544|tmd_end=564|tmd_seq=FGLFYAMGTALMMEGLLSACY|ss_nuc_start=1473|ss_seq=GGGCAAT|tmd-SS_gap_size=53|ensembl_uniprot_annotation=No_uniprot_annotation|blastp_uniprot_annotation=Q8NBJ9|transcript_canonical_status=Alternative|TMD_dG_app=1.02|SS_dG_fs=2.57|stem_loop_presence=Yes|search_side=downstream|fs_type=dual_-1|frame_transition=493|terminal_stop_codon=yes		0	0	0	7002390.0	0	0	0
ensembl_transcript_id=ENST00000433363.7|ensembl_gene_id=ENSG00000141485.17|gene_name=SLC13A5|tmd_start=88|tmd_end=105|tmd_seq=MLFLGGLIVAVAVERWNL|ss_nuc_start=159|ss_seq=CATCCCT|tmd-SS_gap_size=35|ensembl_uniprot_annotation=Q86YT5|blastp_uniprot_annotation=Q86YT5|transcript_canonical_status=Canonical|TMD_dG_app=0.96|SS_dG_fs=2.81|stem_loop_presence=Yes|search_side=downstream|fs_type=dual_-1|frame_transition=55|terminal_stop_codon=yes		0	0	0	0	1.1563155E7	0	0
ensembl_transcript_id=ENST00000508628.6|ensembl_gene_id=ENSG00000173821.20|gene_name=RNF213|tmd_start=2730|tmd_end=2746|tmd_seq=VLWSLMLAIGVCYHASL|ss_nuc_start=8082|ss_seq=GAAAGTT|tmd-SS_gap_size=36|ensembl_uniprot_annotation=No_uniprot_annotation|blastp_uniprot_annotation=Q63HN8|transcript_canonical_status=Alternative|TMD_dG_app=1.13|SS_dG_fs=1.87|stem_loop_presence=Yes|search_side=downstream|fs_type=dual_-1|frame_transition=2696|terminal_stop_codon=yes		0	0	0	1.2946651E7	1.84427872E8	0	0
ensembl_transcript_id=ENST00000532972.5|ensembl_gene_id=ENSG00000118363.13|gene_name=SPCS2|tmd_start=144|tmd_end=165|tmd_seq=VLALCVISYFVMMGILTIYTSY|ss_nuc_start=270|ss_seq=TTTGGAT|tmd-SS_gap_size=54|ensembl_uniprot_annotation=No_uniprot_annotation|blastp_uniprot_annotation=Q15005|transcript_canonical_status=Alternative|TMD_dG_app=-1.29|SS_dG_fs=2.87|stem_loop_presence=Yes|search_side=downstream|fs_type=dual_-1|frame_transition=92|terminal_stop_codon=yes		0	0	0	5801345.0	0	0	0
ensembl_transcript_id=ENST00000538786.1|ensembl_gene_id=ENSG00000184743.13|gene_name=ATL3|tmd_start=422|tmd_end=446|tmd_seq=TFRTPAVLFTGIVALYIASGLTGFI|ss_nuc_start=1155|ss_seq=GATGGGT|tmd-SS_gap_size=37|ensembl_uniprot_annotation=No_uniprot_annotation|blastp_uniprot_annotation=Q6DD88|transcript_canonical_status=Alternative|TMD_dG_app=-0.35|SS_dG_fs=2.83|stem_loop_presence=Yes|search_side=downstream|fs_type=dual_-1|frame_transition=387|terminal_stop_codon=yes		0	0	0	6.0670234E8	0	0	0
ensembl_transcript_id=ENST00000646268.1|ensembl_gene_id=ENSG00000111642.16|gene_name=CHD4|tmd_start=1327|tmd_end=1351|tmd_seq=MIKISHCLLCWPVLVGILKYLVLML|ss_nuc_start=3852|ss_seq=AATGGGG|tmd-SS_gap_size=43|ensembl_uniprot_annotation=No_uniprot_annotation|blastp_uniprot_annotation=Q14839|transcript_canonical_status=Alternative|TMD_dG_app=0.06|SS_dG_fs=2.57|stem_loop_presence=Yes|search_side=downstream|fs_type=dual_-1|frame_transition=1286|terminal_stop_codon=no		0	0	0	0	1.5150246E7	1.20025152E8	0
ensembl_transcript_id=ENST00000679673.1|ensembl_gene_id=ENSG00000120697.10|gene_name=ALG5|tmd_start=137|tmd_end=159|tmd_seq=YFRTLLMYGFHFLVWFLCVKGIR|ss_nuc_start=303|ss_seq=GAAATTA|tmd-SS_gap_size=36|ensembl_uniprot_annotation=No_uniprot_annotation|blastp_uniprot_annotation=Q9Y673|transcript_canonical_status=Alternative|TMD_dG_app=-0.28|SS_dG_fs=1.96|stem_loop_presence=Yes|search_side=downstream|fs_type=dual_-1|frame_transition=103|terminal_stop_codon=yes		0	0	0	7518020.5	0	0	0
ensembl_transcript_id=ENST00000680220.1|ensembl_gene_id=ENSG00000174373.17|gene_name=RALGAPA1|tmd_start=1793|tmd_end=1808|tmd_seq=GPARCVALCSLGIWIC|ss_nuc_start=5247|ss_seq=CTTTCCC|tmd-SS_gap_size=44|ensembl_uniprot_annotation=No_uniprot_annotation|blastp_uniprot_annotation=Q6GYQ0|transcript_canonical_status=Canonical|TMD_dG_app=2.01|SS_dG_fs=2.66|stem_loop_presence=Yes|search_side=downstream|fs_type=dual_-1|frame_transition=1751|terminal_stop_codon=yes		0	0	0	1889425.6	0	0	0
ensembl_transcript_id=ENST00000681893.1|ensembl_gene_id=ENSG00000120697.10|gene_name=ALG5|tmd_start=177|tmd_end=199|tmd_seq=YFRTLLMYGFHFLVWFLCVKGIR|ss_nuc_start=423|ss_seq=GAAATTA|tmd-SS_gap_size=36|ensembl_uniprot_annotation=No_uniprot_annotation|blastp_uniprot_annotation=Q9Y673|transcript_canonical_status=Alternative|TMD_dG_app=-0.28|SS_dG_fs=1.96|stem_loop_presence=Yes|search_side=downstream|fs_type=dual_-1|frame_transition=143|terminal_stop_codon=yes		0	0	0	0	0	0	1.1438123E7
ensembl_transcript_id=ENST00000687008.1|ensembl_gene_id=ENSG00000101871.18|gene_name=MID1|tmd_start=431|tmd_end=452|tmd_seq=YLMAYLFLSLVAFFRLIAFLNL|ss_nuc_start=1149|ss_seq=CCCTCCC|tmd-SS_gap_size=48|ensembl_uniprot_annotation=No_uniprot_annotation|blastp_uniprot_annotation=O15344|transcript_canonical_status=Alternative|TMD_dG_app=-2.45|SS_dG_fs=2.13|stem_loop_presence=Yes|search_side=downstream|fs_type=dual_-1|frame_transition=385|terminal_stop_codon=yes		0	0	0	4.54711488E8	0	0	0
ensembl_transcript_id=ENST00000700518.1|ensembl_gene_id=ENSG00000115760.16|gene_name=BIRC6|tmd_start=2318|tmd_end=2342|tmd_seq=LVLFLLSMDFTCHADLLLFVCKVLA|ss_nuc_start=6810|ss_seq=GGATTTA|tmd-SS_gap_size=48|ensembl_uniprot_annotation=No_uniprot_annotation|blastp_uniprot_annotation=Q9NR09|transcript_canonical_status=Alternative|TMD_dG_app=1.04|SS_dG_fs=1.18|stem_loop_presence=Yes|search_side=downstream|fs_type=dual_-1|frame_transition=2272|terminal_stop_codon=yes		0	0	0	0	1.0965368E7	0	0
ensembl_transcript_id=ENST00000710331.1|ensembl_gene_id=ENSG00000292253.1|gene_name=TGOLN2|tmd_start=385|tmd_end=402|tmd_seq=FFAYLVTAAILVAVLYIA|ss_nuc_start=1026|ss_seq=GAAAGAA|tmd-SS_gap_size=43|ensembl_uniprot_annotation=No_uniprot_annotation|blastp_uniprot_annotation=O43493|transcript_canonical_status=Alternative|TMD_dG_app=-1.45|SS_dG_fs=2.84|stem_loop_presence=Yes|search_side=downstream|fs_type=dual_-1|frame_transition=344|terminal_stop_codon=yes		6.7517139E8	0	0	6.3492531E8	3.06937421E9	0	3.8703072E7
ensembl_transcript_id=ENST00000714219.1|ensembl_gene_id=ENSG00000116521.12|gene_name=SCAMP3|tmd_start=100|tmd_end=124|tmd_seq=MYYLWMCSTLALLLNFLACLASFCV|ss_nuc_start=174|ss_seq=GGGGGGC|tmd-SS_gap_size=42|ensembl_uniprot_annotation=No_uniprot_annotation|blastp_uniprot_annotation=O14828|transcript_canonical_status=Alternative|TMD_dG_app=-1.93|SS_dG_fs=0.76|stem_loop_presence=Yes|search_side=downstream|fs_type=dual_-1|frame_transition=60|terminal_stop_codon=yes		0	0	0	1.17471424E8	0	0	0
P00883	ALDOA	0	0	0	0	0	0	1.1006993E7
P04264	KRT1	0	0	0	2.2739124E7	0	0	0
