PROTID	GENEID	GM12878_LysN_HCD_INT	HUVEC_LysN_HCD_INT	HeLa_LysN_HCD_INT	HepG2_LysN_HCD_INT	K562_LysN_HCD_INT	hESC_LysN_HCD_INT
na	na	GM12878_LysN_HCD	HUVEC_LysN_HCD	HeLa_LysN_HCD	HepG2_LysN_HCD	K562_LysN_HCD	hESC_LysN_HCD
ensembl_transcript_id=ENST00000222572.8|ensembl_gene_id=ENSG00000105854.13|gene_name=PON2|tmd_start=1|tmd_end=25|tmd_seq=MGRLVAVGLLGIALALLGERLLALR|ss_nuc_start=186|ss_seq=GGCTTTT|tmd-SS_gap_size=37|ensembl_uniprot_annotation=Q15165|blastp_uniprot_annotation=Q15165|transcript_canonical_status=Canonical|TMD_dG_app=-1.46|SS_dG_fs=2.66|stem_loop_presence=Yes|fs_type=0_frame|frame_transition=no_frameshift|terminal_stop_codon=yes		0	0	1.01164328E8	0	0	0
ensembl_transcript_id=ENST00000245206.10|ensembl_gene_id=ENSG00000125166.13|gene_name=GOT2|tmd_start=13|tmd_end=34|tmd_seq=IAAAFHPGLAAAASARASSWWT|ss_nuc_start=267|ss_seq=AAAAAAT|tmd-SS_gap_size=55|ensembl_uniprot_annotation=P00505|blastp_uniprot_annotation=P00505|transcript_canonical_status=Canonical|TMD_dG_app=3.74|SS_dG_fs=0.33|stem_loop_presence=Yes|fs_type=0_frame|frame_transition=no_frameshift|terminal_stop_codon=yes		0	0	0	1.94201392E8	0	0
ensembl_transcript_id=ENST00000262982.3|ensembl_gene_id=ENSG00000124207.17|gene_name=CSE1L|tmd_start=786|tmd_end=806|tmd_seq=FIKSFLVFINLYCIKYGALAL|ss_nuc_start=2541|ss_seq=CAAATTA|tmd-SS_gap_size=41|ensembl_uniprot_annotation=P55060|blastp_uniprot_annotation=P55060|transcript_canonical_status=Canonical|TMD_dG_app=1.35|SS_dG_fs=2.51|stem_loop_presence=Yes|fs_type=0_frame|frame_transition=no_frameshift|terminal_stop_codon=yes		0	0	0	0	3.04415283E9	0
ensembl_transcript_id=ENST00000286091.9|ensembl_gene_id=ENSG00000155660.11|gene_name=PDIA4|tmd_start=4|tmd_end=24|tmd_seq=RKAFLLLLLLGLVQLLAVAGA|ss_nuc_start=180|ss_seq=AGAAAAT|tmd-SS_gap_size=36|ensembl_uniprot_annotation=No_uniprot_annotation|blastp_uniprot_annotation=P13667|transcript_canonical_status=Alternative|TMD_dG_app=-1.55|SS_dG_fs=2.79|stem_loop_presence=Yes|fs_type=0_frame|frame_transition=no_frameshift|terminal_stop_codon=yes		1.10349376E8	0	0	0	0	0
ensembl_transcript_id=ENST00000296424.9|ensembl_gene_id=ENSG00000164039.15|gene_name=BDH2|tmd_start=7|tmd_end=28|tmd_seq=KVIILTAAAQGIGQAAALAFAR|ss_nuc_start=234|ss_seq=CTTTAAT|tmd-SS_gap_size=50|ensembl_uniprot_annotation=Q9BUT1|blastp_uniprot_annotation=Q9BUT1|transcript_canonical_status=Canonical|TMD_dG_app=2.74|SS_dG_fs=2.74|stem_loop_presence=Yes|fs_type=hungry_-1|frame_transition=79|terminal_stop_codon=yes		0	0	2.6291214E7	0	0	0
ensembl_transcript_id=ENST00000299767.10|ensembl_gene_id=ENSG00000166598.16|gene_name=HSP90B1|tmd_start=1|tmd_end=21|tmd_seq=MRALWVLGLCCVLLTFGSVRA|ss_nuc_start=180|ss_seq=ATTAAAT|tmd-SS_gap_size=39|ensembl_uniprot_annotation=P14625|blastp_uniprot_annotation=P14625|transcript_canonical_status=Canonical|TMD_dG_app=-1.52|SS_dG_fs=1.91|stem_loop_presence=Yes|fs_type=0_frame|frame_transition=no_frameshift|terminal_stop_codon=yes		1.5271191E7	0	0	1.75697728E9	0	0
ensembl_transcript_id=ENST00000308664.10|ensembl_gene_id=ENSG00000174437.18|gene_name=ATP2A2|tmd_start=260|tmd_end=279|tmd_seq=LSKVISLICIAVWIINIGHF|ss_nuc_start=981|ss_seq=AAAGAAA|tmd-SS_gap_size=48|ensembl_uniprot_annotation=P16615|blastp_uniprot_annotation=P16615|transcript_canonical_status=Alternative|TMD_dG_app=0.73|SS_dG_fs=2.48|stem_loop_presence=Yes|fs_type=0_frame|frame_transition=no_frameshift|terminal_stop_codon=yes		0	9030976.0	0	1.0039642E7	0	1.73331696E8
ensembl_transcript_id=ENST00000309027.4|ensembl_gene_id=ENSG00000173905.9|gene_name=GOLIM4|tmd_start=12|tmd_end=36|tmd_seq=RIFQTLLLLTVVFGFLYGAMLYYEL|ss_nuc_start=225|ss_seq=GCAAAAA|tmd-SS_gap_size=39|ensembl_uniprot_annotation=No_uniprot_annotation|blastp_uniprot_annotation=O00461|transcript_canonical_status=Alternative|TMD_dG_app=-2.23|SS_dG_fs=2.02|stem_loop_presence=Yes|fs_type=0_frame|frame_transition=no_frameshift|terminal_stop_codon=yes		8.1581688E7	0	0	2.45811488E8	0	8892733.0
ensembl_transcript_id=ENST00000316448.10|ensembl_gene_id=ENSG00000179218.15|gene_name=CALR|tmd_start=1|tmd_end=23|tmd_seq=MLLSVPLLLGLLGLAVAEPAVYF|ss_nuc_start=219|ss_seq=CTTTTAT|tmd-SS_gap_size=50|ensembl_uniprot_annotation=P27797|blastp_uniprot_annotation=P27797|transcript_canonical_status=Canonical|TMD_dG_app=-0.27|SS_dG_fs=2.11|stem_loop_presence=Yes|fs_type=0_frame|frame_transition=no_frameshift|terminal_stop_codon=yes		3.704952E7	0	0	0	0	0
ensembl_transcript_id=ENST00000328980.11|ensembl_gene_id=ENSG00000206306.10|gene_name=HLA-DRB1|tmd_start=4|tmd_end=28|tmd_seq=LRLPGGSCMAVLTVTLMVLSSPLAL|ss_nuc_start=219|ss_seq=GGGGGAG|tmd-SS_gap_size=45|ensembl_uniprot_annotation=No_uniprot_annotation|blastp_uniprot_annotation=P79483|transcript_canonical_status=Canonical|TMD_dG_app=0.49|SS_dG_fs=2.65|stem_loop_presence=Yes|fs_type=0_frame|frame_transition=no_frameshift|terminal_stop_codon=yes		2.6758464E8	0	0	0	0	0
ensembl_transcript_id=ENST00000336592.11|ensembl_gene_id=ENSG00000158290.19|gene_name=CUL4B|tmd_start=4|tmd_end=22|tmd_seq=VCPVTSGFSSPSPSAAAAA|ss_nuc_start=219|ss_seq=TCCTTTA|tmd-SS_gap_size=51|ensembl_uniprot_annotation=No_uniprot_annotation|blastp_uniprot_annotation=Q13620|transcript_canonical_status=Alternative|TMD_dG_app=7.27|SS_dG_fs=2.43|stem_loop_presence=Yes|fs_type=0_frame|frame_transition=no_frameshift|terminal_stop_codon=yes		1197652.1	1.2205902E7	2.7846198E7	0	0	0
ensembl_transcript_id=ENST00000337714.8|ensembl_gene_id=ENSG00000121057.13|gene_name=AKAP1|tmd_start=5|tmd_end=26|tmd_seq=FRSLFPLALPGMLALLGWWWFF|ss_nuc_start=192|ss_seq=TCCCAAA|tmd-SS_gap_size=38|ensembl_uniprot_annotation=Q92667|blastp_uniprot_annotation=Q92667|transcript_canonical_status=Canonical|TMD_dG_app=-1.13|SS_dG_fs=2.66|stem_loop_presence=Yes|fs_type=0_frame|frame_transition=no_frameshift|terminal_stop_codon=yes		0	0	2297392.8	0	0	0
ensembl_transcript_id=ENST00000341695.10|ensembl_gene_id=ENSG00000138777.20|gene_name=PPA2|tmd_start=4|tmd_end=24|tmd_seq=LLRLLRTGAPAAACLRLGTSA|ss_nuc_start=183|ss_seq=CCCCTTT|tmd-SS_gap_size=37|ensembl_uniprot_annotation=Q9H2U2|blastp_uniprot_annotation=Q9H2U2|transcript_canonical_status=Canonical|TMD_dG_app=2.11|SS_dG_fs=0.93|stem_loop_presence=Yes|fs_type=0_frame|frame_transition=no_frameshift|terminal_stop_codon=yes		1372257.5	0	0	0	0	0
ensembl_transcript_id=ENST00000344922.10|ensembl_gene_id=ENSG00000154305.18|gene_name=MIA3|tmd_start=1182|tmd_end=1204|tmd_seq=VFITAFLGIASFAIFLWRTVLVV|ss_nuc_start=3732|ss_seq=AAAGAAA|tmd-SS_gap_size=40|ensembl_uniprot_annotation=Q5JRA6|blastp_uniprot_annotation=Q5JRA6|transcript_canonical_status=Canonical|TMD_dG_app=-1.79|SS_dG_fs=2.48|stem_loop_presence=Yes|fs_type=0_frame|frame_transition=no_frameshift|terminal_stop_codon=yes		0	0	0	5.5207078E8	0	0
ensembl_transcript_id=ENST00000371873.10|ensembl_gene_id=ENSG00000162368.15|gene_name=CMPK1|tmd_start=4|tmd_end=27|tmd_seq=RCRSGLLHVLGLSFLLQTRRPILL|ss_nuc_start=225|ss_seq=GAACCCA|tmd-SS_gap_size=48|ensembl_uniprot_annotation=P30085|blastp_uniprot_annotation=P30085|transcript_canonical_status=Canonical|TMD_dG_app=1.11|SS_dG_fs=2.63|stem_loop_presence=Yes|fs_type=0_frame|frame_transition=no_frameshift|terminal_stop_codon=yes		0	0	578112.5	0	0	0
ensembl_transcript_id=ENST00000381340.8|ensembl_gene_id=ENSG00000123104.12|gene_name=ITPR2|tmd_start=1769|tmd_end=1784|tmd_seq=RIFSEGIFLGIALLEG|ss_nuc_start=5502|ss_seq=CAAAAAA|tmd-SS_gap_size=50|ensembl_uniprot_annotation=Q14571|blastp_uniprot_annotation=Q14571|transcript_canonical_status=Canonical|TMD_dG_app=2.85|SS_dG_fs=0.93|stem_loop_presence=Yes|fs_type=0_frame|frame_transition=no_frameshift|terminal_stop_codon=yes		6.549138E7	0	0	0	0	0
ensembl_transcript_id=ENST00000409051.6|ensembl_gene_id=ENSG00000132305.22|gene_name=IMMT|tmd_start=46|tmd_end=67|tmd_seq=IAGAGLLFVGGGIGGTILYAKW|ss_nuc_start=354|ss_seq=GAAAGAA|tmd-SS_gap_size=51|ensembl_uniprot_annotation=No_uniprot_annotation|blastp_uniprot_annotation=Q16891|transcript_canonical_status=Alternative|TMD_dG_app=0.37|SS_dG_fs=2.84|stem_loop_presence=Yes|fs_type=hungry_-2|frame_transition=119|terminal_stop_codon=yes		2.04500768E8	0	2.0043768E8	1.4478923E7	0	2.1275266E7
ensembl_transcript_id=ENST00000412167.7|ensembl_gene_id=ENSG00000157404.17|gene_name=KIT|tmd_start=4|tmd_end=22|tmd_seq=ARGAWDFLCVLLLLLRVQT|ss_nuc_start=183|ss_seq=GGGCTTT|tmd-SS_gap_size=39|ensembl_uniprot_annotation=No_uniprot_annotation|blastp_uniprot_annotation=P10721|transcript_canonical_status=Alternative|TMD_dG_app=0.02|SS_dG_fs=1.69|stem_loop_presence=Yes|fs_type=0_frame|frame_transition=no_frameshift|terminal_stop_codon=yes		0	0	0	0	0	1800702.9
ensembl_transcript_id=ENST00000415472.6|ensembl_gene_id=ENSG00000106344.8|gene_name=RBM28|tmd_start=1|tmd_end=16|tmd_seq=MAGLTLFVGRLPPSAR|ss_nuc_start=153|ss_seq=GGATAAA|tmd-SS_gap_size=35|ensembl_uniprot_annotation=Q9NW13|blastp_uniprot_annotation=Q9NW13|transcript_canonical_status=Alternative|TMD_dG_app=4.89|SS_dG_fs=1.81|stem_loop_presence=Yes|fs_type=0_frame|frame_transition=no_frameshift|terminal_stop_codon=yes		4262780.0	0	0	0	0	0
ensembl_transcript_id=ENST00000416096.5|ensembl_gene_id=ENSG00000229215.9|gene_name=HLA-A|tmd_start=2|tmd_end=24|tmd_seq=AVMAPRTLLLLLSGALALTQTWA|ss_nuc_start=234|ss_seq=GGAGGGG|tmd-SS_gap_size=54|ensembl_uniprot_annotation=No_uniprot_annotation|blastp_uniprot_annotation=P04439|transcript_canonical_status=Alternative|TMD_dG_app=0.32|SS_dG_fs=2.65|stem_loop_presence=Yes|fs_type=0_frame|frame_transition=no_frameshift|terminal_stop_codon=yes		5.2398561E9	0	0	0	0	0
ensembl_transcript_id=ENST00000420206.5|ensembl_gene_id=ENSG00000228299.9|gene_name=HLA-C|tmd_start=1|tmd_end=25|tmd_seq=MRVMAPRTLILLLSGALALTETWAC|ss_nuc_start=234|ss_seq=GGAGGGG|tmd-SS_gap_size=53|ensembl_uniprot_annotation=No_uniprot_annotation|blastp_uniprot_annotation=P10321|transcript_canonical_status=Alternative|TMD_dG_app=0.33|SS_dG_fs=2.65|stem_loop_presence=Yes|fs_type=0_frame|frame_transition=no_frameshift|terminal_stop_codon=yes		2.9595234E7	1.5701478E7	0	1.93173632E8	0	0
ensembl_transcript_id=ENST00000450871.6|ensembl_gene_id=ENSG00000232126.8|gene_name=HLA-B|tmd_start=3|tmd_end=24|tmd_seq=VTAPRTVLLLLSGALALTETWA|ss_nuc_start=234|ss_seq=GGAGGGG|tmd-SS_gap_size=54|ensembl_uniprot_annotation=No_uniprot_annotation|blastp_uniprot_annotation=P01889|transcript_canonical_status=Canonical|TMD_dG_app=0.85|SS_dG_fs=2.65|stem_loop_presence=Yes|fs_type=0_frame|frame_transition=no_frameshift|terminal_stop_codon=yes		3.53670688E8	0	3.3460662E7	0	0	0
ensembl_transcript_id=ENST00000471454.6|ensembl_gene_id=ENSG00000145087.14|gene_name=STXBP5L|tmd_start=828|tmd_end=848|tmd_seq=CLFVGTSLGMVLIISLNLPLA|ss_nuc_start=2697|ss_seq=TGAAAAT|tmd-SS_gap_size=51|ensembl_uniprot_annotation=No_uniprot_annotation|blastp_uniprot_annotation=Q9Y2K9|transcript_canonical_status=Canonical|TMD_dG_app=-0.26|SS_dG_fs=2.79|stem_loop_presence=Yes|fs_type=0_frame|frame_transition=no_frameshift|terminal_stop_codon=yes		0	0	0	0	0	1.0662512E7
ensembl_transcript_id=ENST00000501516.7|ensembl_gene_id=ENSG00000008838.21|gene_name=MED24|tmd_start=117|tmd_end=137|tmd_seq=CIGLCRALLSALHWLLRCTAA|ss_nuc_start=576|ss_seq=GGGACTT|tmd-SS_gap_size=55|ensembl_uniprot_annotation=No_uniprot_annotation|blastp_uniprot_annotation=O75448|transcript_canonical_status=Alternative|TMD_dG_app=1.54|SS_dG_fs=2.68|stem_loop_presence=Yes|fs_type=0_frame|frame_transition=no_frameshift|terminal_stop_codon=yes		0	0	1.36306E7	0	0	0
ensembl_transcript_id=ENST00000514032.5|ensembl_gene_id=ENSG00000127022.16|gene_name=CANX|tmd_start=3|tmd_end=18|tmd_seq=GKWLLCMLLVLGTAIV|ss_nuc_start=219|ss_seq=TTCTTTT|tmd-SS_gap_size=55|ensembl_uniprot_annotation=No_uniprot_annotation|blastp_uniprot_annotation=P27824|transcript_canonical_status=Alternative|TMD_dG_app=0.02|SS_dG_fs=2.88|stem_loop_presence=Yes|fs_type=0_frame|frame_transition=no_frameshift|terminal_stop_codon=yes		0	0	0	1.7186868E7	0	0
ensembl_transcript_id=ENST00000530428.2|ensembl_gene_id=ENSG00000109919.10|gene_name=MTCH2|tmd_start=173|tmd_end=194|tmd_seq=LVPRLLGDILSLWLCNSLAYLV|ss_nuc_start=738|ss_seq=CCCTCCT|tmd-SS_gap_size=52|ensembl_uniprot_annotation=No_uniprot_annotation|blastp_uniprot_annotation=Q9Y6C9|transcript_canonical_status=Alternative|TMD_dG_app=1.20|SS_dG_fs=2.53|stem_loop_presence=Yes|fs_type=0_frame|frame_transition=no_frameshift|terminal_stop_codon=yes		2.88660064E8	3.155728E8	0	0	0	1.72505792E8
ensembl_transcript_id=ENST00000564288.6|ensembl_gene_id=ENSG00000127603.32|gene_name=MACF1|tmd_start=1832|tmd_end=1853|tmd_seq=LVAAKIALVILESLWSFMGLLW|ss_nuc_start=5700|ss_seq=GAAGAAA|tmd-SS_gap_size=47|ensembl_uniprot_annotation=No_uniprot_annotation|blastp_uniprot_annotation=Q9UPN3|transcript_canonical_status=Canonical|TMD_dG_app=0.67|SS_dG_fs=2.86|stem_loop_presence=Yes|fs_type=0_frame|frame_transition=no_frameshift|terminal_stop_codon=yes		1.3162738E7	2.9473968E7	7.4951024E7	0	0	0
ensembl_transcript_id=ENST00000606389.8|ensembl_gene_id=ENSG00000115977.21|gene_name=AAK1|tmd_start=238|tmd_end=260|tmd_seq=IITTKADIWALGCLLYKLCYFTL|ss_nuc_start=906|ss_seq=GGATATT|tmd-SS_gap_size=42|ensembl_uniprot_annotation=No_uniprot_annotation|blastp_uniprot_annotation=Q2M2I8|transcript_canonical_status=Alternative|TMD_dG_app=1.16|SS_dG_fs=1.69|stem_loop_presence=Yes|fs_type=0_frame|frame_transition=no_frameshift|terminal_stop_codon=yes		5645041.0	0	0	0	0	0
ensembl_transcript_id=ENST00000619898.5|ensembl_gene_id=ENSG00000114902.14|gene_name=SPCS1|tmd_start=45|tmd_end=64|tmd_seq=FGWTVYIVMAGFAFSCLLTL|ss_nuc_start=297|ss_seq=TAAAAAT|tmd-SS_gap_size=35|ensembl_uniprot_annotation=No_uniprot_annotation|blastp_uniprot_annotation=Q9Y6A9|transcript_canonical_status=Canonical|TMD_dG_app=-0.89|SS_dG_fs=1.26|stem_loop_presence=No|fs_type=0_frame|frame_transition=no_frameshift|terminal_stop_codon=yes		1.30077555E9	2.51153306E9	2729171.0	1.58307264E9	1.45080704E9	1.29786445E9
ensembl_transcript_id=ENST00000624481.4|ensembl_gene_id=ENSG00000002586.20|gene_name=CD99|tmd_start=1|tmd_end=21|tmd_seq=MARGAALALLLFGLLGVLVAA|ss_nuc_start=186|ss_seq=AGAAAAT|tmd-SS_gap_size=41|ensembl_uniprot_annotation=No_uniprot_annotation|blastp_uniprot_annotation=P14209|transcript_canonical_status=Alternative|TMD_dG_app=-1.60|SS_dG_fs=2.79|stem_loop_presence=Yes|fs_type=0_frame|frame_transition=no_frameshift|terminal_stop_codon=yes		0	1.55824704E8	3.32046432E8	5.4070116E7	0	0
ensembl_transcript_id=ENST00000647462.1|ensembl_gene_id=ENSG00000165699.16|gene_name=TSC1|tmd_start=175|tmd_end=195|tmd_seq=VYLVHLHASVYALFHRLYGMY|ss_nuc_start=693|ss_seq=GGAATTA|tmd-SS_gap_size=36|ensembl_uniprot_annotation=No_uniprot_annotation|blastp_uniprot_annotation=Q92574|transcript_canonical_status=Alternative|TMD_dG_app=3.53|SS_dG_fs=2.51|stem_loop_presence=Yes|fs_type=0_frame|frame_transition=no_frameshift|terminal_stop_codon=yes		0	0	0	0	0	1.0100279E7
ensembl_transcript_id=ENST00000648057.3|ensembl_gene_id=ENSG00000130487.9|gene_name=KLHDC7B|tmd_start=23|tmd_end=46|tmd_seq=WDSAVLALLALAVVAATALALHWF|ss_nuc_start=279|ss_seq=GGGGAAA|tmd-SS_gap_size=47|ensembl_uniprot_annotation=No_uniprot_annotation|blastp_uniprot_annotation=Q96G42|transcript_canonical_status=Canonical|TMD_dG_app=-2.05|SS_dG_fs=0.38|stem_loop_presence=Yes|fs_type=0_frame|frame_transition=no_frameshift|terminal_stop_codon=yes		0	0	6.6432056E7	0	0	0
ensembl_transcript_id=ENST00000652049.1|ensembl_gene_id=ENSG00000280682.3|gene_name=HYOU1|tmd_start=11|tmd_end=30|tmd_seq=RRRVCWALVAVLLADLLALS|ss_nuc_start=222|ss_seq=GAAAGAA|tmd-SS_gap_size=44|ensembl_uniprot_annotation=No_uniprot_annotation|blastp_uniprot_annotation=Q9Y4L1|transcript_canonical_status=Canonical|TMD_dG_app=-0.66|SS_dG_fs=2.84|stem_loop_presence=Yes|fs_type=0_frame|frame_transition=no_frameshift|terminal_stop_codon=yes		6.5981052E7	9.925548E7	0	1.00923507E9	0	0
ensembl_transcript_id=ENST00000660676.1|ensembl_gene_id=ENSG00000112992.18|gene_name=NNT|tmd_start=4|tmd_end=20|tmd_seq=LLKTVVTGCSCPLLSNL|ss_nuc_start=183|ss_seq=CCCCAAA|tmd-SS_gap_size=41|ensembl_uniprot_annotation=No_uniprot_annotation|blastp_uniprot_annotation=Q13423|transcript_canonical_status=Alternative|TMD_dG_app=3.72|SS_dG_fs=0.93|stem_loop_presence=Yes|fs_type=0_frame|frame_transition=no_frameshift|terminal_stop_codon=yes		1.2568875E7	0	3779939.5	2.3160098E7	0	0
ensembl_transcript_id=ENST00000680220.1|ensembl_gene_id=ENSG00000174373.17|gene_name=RALGAPA1|tmd_start=1891|tmd_end=1914|tmd_seq=KRLVVSLLLCLLDWIMALPLKTLL|ss_nuc_start=5862|ss_seq=TTTTCCC|tmd-SS_gap_size=40|ensembl_uniprot_annotation=No_uniprot_annotation|blastp_uniprot_annotation=Q6GYQ0|transcript_canonical_status=Canonical|TMD_dG_app=-0.62|SS_dG_fs=1.73|stem_loop_presence=Yes|fs_type=0_frame|frame_transition=no_frameshift|terminal_stop_codon=yes		0	7.7128E7	4.2128576E7	1.84708608E8	0	0
ensembl_transcript_id=ENST00000680679.1|ensembl_gene_id=ENSG00000136699.20|gene_name=SMPD4|tmd_start=455|tmd_end=472|tmd_seq=LLMYTKLFVGFLNRALRT|ss_nuc_start=1536|ss_seq=CATCCCC|tmd-SS_gap_size=40|ensembl_uniprot_annotation=No_uniprot_annotation|blastp_uniprot_annotation=Q9NXE4|transcript_canonical_status=Alternative|TMD_dG_app=2.49|SS_dG_fs=2.41|stem_loop_presence=Yes|fs_type=0_frame|frame_transition=no_frameshift|terminal_stop_codon=yes		3.3727056E7	1.2814E8	0	0	0	0
ensembl_transcript_id=ENST00000698944.1|ensembl_gene_id=ENSG00000048828.18|gene_name=FAM120A|tmd_start=135|tmd_end=155|tmd_seq=KVWFLPPVCMAHCIRLALIRF|ss_nuc_start=579|ss_seq=CATCCCC|tmd-SS_gap_size=38|ensembl_uniprot_annotation=No_uniprot_annotation|blastp_uniprot_annotation=Q9NZB2|transcript_canonical_status=Alternative|TMD_dG_app=1.08|SS_dG_fs=2.41|stem_loop_presence=Yes|fs_type=0_frame|frame_transition=no_frameshift|terminal_stop_codon=yes		0	6.7967456E7	0	7.4539208E7	0	0
ensembl_transcript_id=ENST00000700518.1|ensembl_gene_id=ENSG00000115760.16|gene_name=BIRC6|tmd_start=2318|tmd_end=2342|tmd_seq=LVLFLLSMDFTCHADLLLFVCKVLA|ss_nuc_start=7191|ss_seq=TATTTTA|tmd-SS_gap_size=55|ensembl_uniprot_annotation=No_uniprot_annotation|blastp_uniprot_annotation=Q9NR09|transcript_canonical_status=Alternative|TMD_dG_app=1.04|SS_dG_fs=1.11|stem_loop_presence=Yes|fs_type=0_frame|frame_transition=no_frameshift|terminal_stop_codon=yes		4.5000668E7	0	0	0	0	0
ensembl_transcript_id=ENST00000710331.1|ensembl_gene_id=ENSG00000292253.1|gene_name=TGOLN2|tmd_start=1|tmd_end=23|tmd_seq=MRFVVALVLLNVAAAGAVPLLAT|ss_nuc_start=186|ss_seq=TCCAAAA|tmd-SS_gap_size=39|ensembl_uniprot_annotation=No_uniprot_annotation|blastp_uniprot_annotation=O43493|transcript_canonical_status=Alternative|TMD_dG_app=-0.04|SS_dG_fs=2.52|stem_loop_presence=Yes|fs_type=0_frame|frame_transition=no_frameshift|terminal_stop_codon=yes		5.2197404E7	0	0	0	0	0
ensembl_transcript_id=ENST00000714219.1|ensembl_gene_id=ENSG00000116521.12|gene_name=SCAMP3|tmd_start=206|tmd_end=230|tmd_seq=TAVSVLMLLVALLFTGIAVLGIVML|ss_nuc_start=819|ss_seq=TGAAAAT|tmd-SS_gap_size=43|ensembl_uniprot_annotation=No_uniprot_annotation|blastp_uniprot_annotation=O14828|transcript_canonical_status=Alternative|TMD_dG_app=-2.96|SS_dG_fs=2.79|stem_loop_presence=Yes|fs_type=hungry_-1|frame_transition=274|terminal_stop_codon=no		0	0	0	0	9.0587936E7	0
P00366	GLUD1	0	0	0	4.380864E9	0	0
P09211	GSTP1	0	0	0	0	0	1225001.8
Q9NSB2	KRT84	0	0	1.3672165E7	1.5979351E10	0	0
