Index	Gene	Protein	Protein ID	Peptide	Best Localization Probability	GM12878_GluC_CAD Localization Probability	GM12878_GluC_HCD Localization Probability	HUVEC_GluC_HCD Localization Probability	HeLa_GluC_HCD Localization Probability	HepG2_GluC_HCD Localization Probability	K562_GluC_HCD Localization Probability	hESC_GluC_CAD Localization Probability	hESC_GluC_HCD Localization Probability	GM12878_GluC_CAD Intensity	GM12878_GluC_HCD Intensity	HUVEC_GluC_HCD Intensity	HeLa_GluC_HCD Intensity	HepG2_GluC_HCD Intensity	K562_GluC_HCD Intensity	hESC_GluC_CAD Intensity	hESC_GluC_HCD Intensity	GM12878_GluC_CAD MaxLFQ Intensity	GM12878_GluC_HCD MaxLFQ Intensity	HUVEC_GluC_HCD MaxLFQ Intensity	HeLa_GluC_HCD MaxLFQ Intensity	HepG2_GluC_HCD MaxLFQ Intensity	K562_GluC_HCD MaxLFQ Intensity	hESC_GluC_CAD MaxLFQ Intensity	hESC_GluC_HCD MaxLFQ Intensity
P62937_C115	PPIA	sp|P62937|PPIA_HUMAN	P62937	NFILKHTGPGILSMANAGPNTNGSQFFIcTAKTE	1.0	0.0	0.0	0.0	1.0	1.0	0.0	0.0	0.0	0.0	0.0	0.0	0.0	4.25392704E8	0.0	0.0	0.0	0.0	0.0	0.0	0.0	0.0	0.0	0.0	0.0
ensembl_transcript_id=ENST00000336592.11|ensembl_gene_id=ENSG00000158290.19|gene_name=CUL4B|tmd_start=4|tmd_end=22|tmd_seq=VCPVTSGFSSPSPSAAAAA|ss_nuc_start=219|ss_seq=TCCTTTA|tmd-SS_gap_size=51|ensembl_uniprot_annotation=No_uniprot_annotation|blastp_uniprot_annotation=Q13620|transcript_canonical_status=Alternative|TMD_dG_app=7.27|SS_dG_fs=2.43|stem_loop_presence=Yes|fs_type=0_frame|frame_transition=no_frameshift|terminal_stop_codon=yes_C5		ensembl_transcript_id=ENST00000336592.11|ensembl_gene_id=ENSG00000158290.19|gene_name=CUL4B|tmd_start=4|tmd_end=22|tmd_seq=VCPVTSGFSSPSPSAAAAA|ss_nuc_start=219|ss_seq=TCCTTTA|tmd-SS_gap_size=51|ensembl_uniprot_annotation=No_uniprot_annotation|blastp_uniprot_annotation=Q13620|transcript_canonical_status=Alternative|TMD_dG_app=7.27|SS_dG_fs=2.43|stem_loop_presence=Yes|fs_type=0_frame|frame_transition=no_frameshift|terminal_stop_codon=yes	ensembl_transcript_id=ENST00000336592.11|ensembl_gene_id=ENSG00000158290.19|gene_name=CUL4B|tmd_start=4|tmd_end=22|tmd_seq=VCPVTSGFSSPSPSAAAAA|ss_nuc_start=219|ss_seq=TCCTTTA|tmd-SS_gap_size=51|ensembl_uniprot_annotation=No_uniprot_annotation|blastp_uniprot_annotation=Q13620|transcript_canonical_status=Alternative|TMD_dG_app=7.27|SS_dG_fs=2.43|stem_loop_presence=Yes|fs_type=0_frame|frame_transition=no_frameshift|terminal_stop_codon=yes	MKSVcPVTSGFSSPSPSAAAAAQE	1.0	0.0	1.0	0.0	1.0	1.0	0.0	0.0	1.0	0.0	1326937.2	0.0	3.4913996E7	1.1891933E7	0.0	0.0	4767293.0	0.0	0.0	0.0	3.4913996E7	1.1891933E7	0.0	0.0	4767293.0
ensembl_transcript_id=ENST00000359943.8|ensembl_gene_id=ENSG00000196937.11|gene_name=FAM3C|tmd_start=1|tmd_end=24|tmd_seq=MRVAGAAKLVVAVAVFLLTFYVIS|ss_nuc_start=210|ss_seq=TTTTAAA|tmd-SS_gap_size=46|ensembl_uniprot_annotation=Q92520|blastp_uniprot_annotation=Q92520|transcript_canonical_status=Canonical|TMD_dG_app=-0.84|SS_dG_fs=0.93|stem_loop_presence=Yes|fs_type=0_frame|frame_transition=no_frameshift|terminal_stop_codon=yes_C86		ensembl_transcript_id=ENST00000359943.8|ensembl_gene_id=ENSG00000196937.11|gene_name=FAM3C|tmd_start=1|tmd_end=24|tmd_seq=MRVAGAAKLVVAVAVFLLTFYVIS|ss_nuc_start=210|ss_seq=TTTTAAA|tmd-SS_gap_size=46|ensembl_uniprot_annotation=Q92520|blastp_uniprot_annotation=Q92520|transcript_canonical_status=Canonical|TMD_dG_app=-0.84|SS_dG_fs=0.93|stem_loop_presence=Yes|fs_type=0_frame|frame_transition=no_frameshift|terminal_stop_codon=yes	ensembl_transcript_id=ENST00000359943.8|ensembl_gene_id=ENSG00000196937.11|gene_name=FAM3C|tmd_start=1|tmd_end=24|tmd_seq=MRVAGAAKLVVAVAVFLLTFYVIS|ss_nuc_start=210|ss_seq=TTTTAAA|tmd-SS_gap_size=46|ensembl_uniprot_annotation=Q92520|blastp_uniprot_annotation=Q92520|transcript_canonical_status=Canonical|TMD_dG_app=-0.84|SS_dG_fs=0.93|stem_loop_presence=Yes|fs_type=0_frame|frame_transition=no_frameshift|terminal_stop_codon=yes	KHFAFKMASGAANVVGPKIcLE	1.0	0.0	0.0	0.0	0.0	1.0	0.0	0.0	0.0	0.0	0.0	0.0	0.0	2.1395256E8	0.0	0.0	0.0	0.0	0.0	0.0	0.0	0.0	0.0	0.0	0.0
ensembl_transcript_id=ENST00000414592.5|ensembl_gene_id=ENSG00000223980.10|gene_name=HLA-A|tmd_start=2|tmd_end=24|tmd_seq=AVMAPRTLLLLLLGALALTQTWA|ss_nuc_start=234|ss_seq=GGAGGGG|tmd-SS_gap_size=54|ensembl_uniprot_annotation=No_uniprot_annotation|blastp_uniprot_annotation=P04439|transcript_canonical_status=Alternative|TMD_dG_app=-1.11|SS_dG_fs=2.65|stem_loop_presence=Yes|fs_type=0_frame|frame_transition=no_frameshift|terminal_stop_codon=yes_C227		ensembl_transcript_id=ENST00000414592.5|ensembl_gene_id=ENSG00000223980.10|gene_name=HLA-A|tmd_start=2|tmd_end=24|tmd_seq=AVMAPRTLLLLLLGALALTQTWA|ss_nuc_start=234|ss_seq=GGAGGGG|tmd-SS_gap_size=54|ensembl_uniprot_annotation=No_uniprot_annotation|blastp_uniprot_annotation=P04439|transcript_canonical_status=Alternative|TMD_dG_app=-1.11|SS_dG_fs=2.65|stem_loop_presence=Yes|fs_type=0_frame|frame_transition=no_frameshift|terminal_stop_codon=yes	ensembl_transcript_id=ENST00000414592.5|ensembl_gene_id=ENSG00000223980.10|gene_name=HLA-A|tmd_start=2|tmd_end=24|tmd_seq=AVMAPRTLLLLLLGALALTQTWA|ss_nuc_start=234|ss_seq=GGAGGGG|tmd-SS_gap_size=54|ensembl_uniprot_annotation=No_uniprot_annotation|blastp_uniprot_annotation=P04439|transcript_canonical_status=Alternative|TMD_dG_app=-1.11|SS_dG_fs=2.65|stem_loop_presence=Yes|fs_type=0_frame|frame_transition=no_frameshift|terminal_stop_codon=yes	ATLRcWALSFYPAE	1.0	0.0	0.0	0.0	1.0	0.0	0.0	0.0	0.0	0.0	0.0	0.0	3.52285728E8	0.0	0.0	0.0	0.0	0.0	0.0	0.0	0.0	0.0	0.0	0.0	0.0
ensembl_transcript_id=ENST00000414592.5|ensembl_gene_id=ENSG00000223980.10|gene_name=HLA-A|tmd_start=2|tmd_end=24|tmd_seq=AVMAPRTLLLLLLGALALTQTWA|ss_nuc_start=234|ss_seq=GGAGGGG|tmd-SS_gap_size=54|ensembl_uniprot_annotation=No_uniprot_annotation|blastp_uniprot_annotation=P04439|transcript_canonical_status=Alternative|TMD_dG_app=-1.11|SS_dG_fs=2.65|stem_loop_presence=Yes|fs_type=0_frame|frame_transition=no_frameshift|terminal_stop_codon=yes_C283		ensembl_transcript_id=ENST00000414592.5|ensembl_gene_id=ENSG00000223980.10|gene_name=HLA-A|tmd_start=2|tmd_end=24|tmd_seq=AVMAPRTLLLLLLGALALTQTWA|ss_nuc_start=234|ss_seq=GGAGGGG|tmd-SS_gap_size=54|ensembl_uniprot_annotation=No_uniprot_annotation|blastp_uniprot_annotation=P04439|transcript_canonical_status=Alternative|TMD_dG_app=-1.11|SS_dG_fs=2.65|stem_loop_presence=Yes|fs_type=0_frame|frame_transition=no_frameshift|terminal_stop_codon=yes	ensembl_transcript_id=ENST00000414592.5|ensembl_gene_id=ENSG00000223980.10|gene_name=HLA-A|tmd_start=2|tmd_end=24|tmd_seq=AVMAPRTLLLLLLGALALTQTWA|ss_nuc_start=234|ss_seq=GGAGGGG|tmd-SS_gap_size=54|ensembl_uniprot_annotation=No_uniprot_annotation|blastp_uniprot_annotation=P04439|transcript_canonical_status=Alternative|TMD_dG_app=-1.11|SS_dG_fs=2.65|stem_loop_presence=Yes|fs_type=0_frame|frame_transition=no_frameshift|terminal_stop_codon=yes	TRPAGDGTFQKWASVVVPSGQEQRYTcHVQHE	1.0	0.0	1.0	0.0	0.0	0.0	0.0	0.0	1.0	0.0	6.6095488E8	0.0	0.0	0.0	0.0	0.0	0.0	0.0	0.0	0.0	0.0	0.0	0.0	0.0	0.0
ensembl_transcript_id=ENST00000415352.6|ensembl_gene_id=ENSG00000167792.13|gene_name=NDUFV1|tmd_start=2|tmd_end=19|tmd_seq=LATRRLLGWSLPARVSTA|ss_nuc_start=189|ss_seq=GAAGGGG|tmd-SS_gap_size=44|ensembl_uniprot_annotation=No_uniprot_annotation|blastp_uniprot_annotation=P49821|transcript_canonical_status=Alternative|TMD_dG_app=3.75|SS_dG_fs=2.48|stem_loop_presence=Yes|fs_type=0_frame|frame_transition=no_frameshift|terminal_stop_codon=yes_C325		ensembl_transcript_id=ENST00000415352.6|ensembl_gene_id=ENSG00000167792.13|gene_name=NDUFV1|tmd_start=2|tmd_end=19|tmd_seq=LATRRLLGWSLPARVSTA|ss_nuc_start=189|ss_seq=GAAGGGG|tmd-SS_gap_size=44|ensembl_uniprot_annotation=No_uniprot_annotation|blastp_uniprot_annotation=P49821|transcript_canonical_status=Alternative|TMD_dG_app=3.75|SS_dG_fs=2.48|stem_loop_presence=Yes|fs_type=0_frame|frame_transition=no_frameshift|terminal_stop_codon=yes	ensembl_transcript_id=ENST00000415352.6|ensembl_gene_id=ENSG00000167792.13|gene_name=NDUFV1|tmd_start=2|tmd_end=19|tmd_seq=LATRRLLGWSLPARVSTA|ss_nuc_start=189|ss_seq=GAAGGGG|tmd-SS_gap_size=44|ensembl_uniprot_annotation=No_uniprot_annotation|blastp_uniprot_annotation=P49821|transcript_canonical_status=Alternative|TMD_dG_app=3.75|SS_dG_fs=2.48|stem_loop_presence=Yes|fs_type=0_frame|frame_transition=no_frameshift|terminal_stop_codon=yes	KHAGGVTGGWDNLLAVIPGGSSTPLIPKSVcE	1.0	0.0	0.0	0.0	1.0	0.0	0.0	0.0	0.0	0.0	0.0	0.0	1.40979744E8	0.0	0.0	0.0	0.0	0.0	0.0	0.0	0.0	0.0	0.0	0.0	0.0
ensembl_transcript_id=ENST00000417978.6|ensembl_gene_id=ENSG00000224320.9|gene_name=HLA-A|tmd_start=2|tmd_end=24|tmd_seq=AVMAPRTLLLLLSGALALTQTWA|ss_nuc_start=234|ss_seq=GGAGGGG|tmd-SS_gap_size=54|ensembl_uniprot_annotation=No_uniprot_annotation|blastp_uniprot_annotation=P04439|transcript_canonical_status=Alternative|TMD_dG_app=0.32|SS_dG_fs=2.65|stem_loop_presence=Yes|fs_type=0_frame|frame_transition=no_frameshift|terminal_stop_codon=yes_C125		ensembl_transcript_id=ENST00000417978.6|ensembl_gene_id=ENSG00000224320.9|gene_name=HLA-A|tmd_start=2|tmd_end=24|tmd_seq=AVMAPRTLLLLLSGALALTQTWA|ss_nuc_start=234|ss_seq=GGAGGGG|tmd-SS_gap_size=54|ensembl_uniprot_annotation=No_uniprot_annotation|blastp_uniprot_annotation=P04439|transcript_canonical_status=Alternative|TMD_dG_app=0.32|SS_dG_fs=2.65|stem_loop_presence=Yes|fs_type=0_frame|frame_transition=no_frameshift|terminal_stop_codon=yes	ensembl_transcript_id=ENST00000417978.6|ensembl_gene_id=ENSG00000224320.9|gene_name=HLA-A|tmd_start=2|tmd_end=24|tmd_seq=AVMAPRTLLLLLSGALALTQTWA|ss_nuc_start=234|ss_seq=GGAGGGG|tmd-SS_gap_size=54|ensembl_uniprot_annotation=No_uniprot_annotation|blastp_uniprot_annotation=P04439|transcript_canonical_status=Alternative|TMD_dG_app=0.32|SS_dG_fs=2.65|stem_loop_presence=Yes|fs_type=0_frame|frame_transition=no_frameshift|terminal_stop_codon=yes	GSHTIQIMYGcDVGPD	1.0	0.0	1.0	0.0	0.0	0.0	0.0	0.0	0.0	0.0	5.4018152E7	0.0	0.0	0.0	0.0	0.0	0.0	0.0	0.0	0.0	0.0	0.0	0.0	0.0	0.0
ensembl_transcript_id=ENST00000619283.1|ensembl_gene_id=ENSG00000237599.9|gene_name=TAP2|tmd_start=49|tmd_end=73|tmd_seq=LWGLLKLRGLLGFVGTLLLPLCLAT|ss_nuc_start=360|ss_seq=CCCTCCT|tmd-SS_gap_size=47|ensembl_uniprot_annotation=No_uniprot_annotation|blastp_uniprot_annotation=Q03519|transcript_canonical_status=Canonical|TMD_dG_app=-1.32|SS_dG_fs=2.53|stem_loop_presence=Yes|fs_type=0_frame|frame_transition=no_frameshift|terminal_stop_codon=yes_C540		ensembl_transcript_id=ENST00000619283.1|ensembl_gene_id=ENSG00000237599.9|gene_name=TAP2|tmd_start=49|tmd_end=73|tmd_seq=LWGLLKLRGLLGFVGTLLLPLCLAT|ss_nuc_start=360|ss_seq=CCCTCCT|tmd-SS_gap_size=47|ensembl_uniprot_annotation=No_uniprot_annotation|blastp_uniprot_annotation=Q03519|transcript_canonical_status=Canonical|TMD_dG_app=-1.32|SS_dG_fs=2.53|stem_loop_presence=Yes|fs_type=0_frame|frame_transition=no_frameshift|terminal_stop_codon=yes	ensembl_transcript_id=ENST00000619283.1|ensembl_gene_id=ENSG00000237599.9|gene_name=TAP2|tmd_start=49|tmd_end=73|tmd_seq=LWGLLKLRGLLGFVGTLLLPLCLAT|ss_nuc_start=360|ss_seq=CCCTCCT|tmd-SS_gap_size=47|ensembl_uniprot_annotation=No_uniprot_annotation|blastp_uniprot_annotation=Q03519|transcript_canonical_status=Canonical|TMD_dG_app=-1.32|SS_dG_fs=2.53|stem_loop_presence=Yes|fs_type=0_frame|frame_transition=no_frameshift|terminal_stop_codon=yes	HcYLHSQVVSVGQEPVLFSGSVRNNITYGLQScE	1.0	0.0	1.0	0.0	0.0	0.0	0.0	0.0	0.0	0.0	1.5157758E7	0.0	0.0	0.0	0.0	0.0	0.0	0.0	0.0	0.0	0.0	0.0	0.0	0.0	0.0
ensembl_transcript_id=ENST00000619283.1|ensembl_gene_id=ENSG00000237599.9|gene_name=TAP2|tmd_start=49|tmd_end=73|tmd_seq=LWGLLKLRGLLGFVGTLLLPLCLAT|ss_nuc_start=360|ss_seq=CCCTCCT|tmd-SS_gap_size=47|ensembl_uniprot_annotation=No_uniprot_annotation|blastp_uniprot_annotation=Q03519|transcript_canonical_status=Canonical|TMD_dG_app=-1.32|SS_dG_fs=2.53|stem_loop_presence=Yes|fs_type=0_frame|frame_transition=no_frameshift|terminal_stop_codon=yes_C571		ensembl_transcript_id=ENST00000619283.1|ensembl_gene_id=ENSG00000237599.9|gene_name=TAP2|tmd_start=49|tmd_end=73|tmd_seq=LWGLLKLRGLLGFVGTLLLPLCLAT|ss_nuc_start=360|ss_seq=CCCTCCT|tmd-SS_gap_size=47|ensembl_uniprot_annotation=No_uniprot_annotation|blastp_uniprot_annotation=Q03519|transcript_canonical_status=Canonical|TMD_dG_app=-1.32|SS_dG_fs=2.53|stem_loop_presence=Yes|fs_type=0_frame|frame_transition=no_frameshift|terminal_stop_codon=yes	ensembl_transcript_id=ENST00000619283.1|ensembl_gene_id=ENSG00000237599.9|gene_name=TAP2|tmd_start=49|tmd_end=73|tmd_seq=LWGLLKLRGLLGFVGTLLLPLCLAT|ss_nuc_start=360|ss_seq=CCCTCCT|tmd-SS_gap_size=47|ensembl_uniprot_annotation=No_uniprot_annotation|blastp_uniprot_annotation=Q03519|transcript_canonical_status=Canonical|TMD_dG_app=-1.32|SS_dG_fs=2.53|stem_loop_presence=Yes|fs_type=0_frame|frame_transition=no_frameshift|terminal_stop_codon=yes	HcYLHSQVVSVGQEPVLFSGSVRNNITYGLQScE	1.0	0.0	1.0	0.0	0.0	0.0	0.0	0.0	0.0	0.0	1.5157758E7	0.0	0.0	0.0	0.0	0.0	0.0	0.0	0.0	0.0	0.0	0.0	0.0	0.0	0.0
ensembl_transcript_id=ENST00000680679.1|ensembl_gene_id=ENSG00000136699.20|gene_name=SMPD4|tmd_start=455|tmd_end=472|tmd_seq=LLMYTKLFVGFLNRALRT|ss_nuc_start=1536|ss_seq=CATCCCC|tmd-SS_gap_size=40|ensembl_uniprot_annotation=No_uniprot_annotation|blastp_uniprot_annotation=Q9NXE4|transcript_canonical_status=Alternative|TMD_dG_app=2.49|SS_dG_fs=2.41|stem_loop_presence=Yes|fs_type=0_frame|frame_transition=no_frameshift|terminal_stop_codon=yes_C29		ensembl_transcript_id=ENST00000680679.1|ensembl_gene_id=ENSG00000136699.20|gene_name=SMPD4|tmd_start=455|tmd_end=472|tmd_seq=LLMYTKLFVGFLNRALRT|ss_nuc_start=1536|ss_seq=CATCCCC|tmd-SS_gap_size=40|ensembl_uniprot_annotation=No_uniprot_annotation|blastp_uniprot_annotation=Q9NXE4|transcript_canonical_status=Alternative|TMD_dG_app=2.49|SS_dG_fs=2.41|stem_loop_presence=Yes|fs_type=0_frame|frame_transition=no_frameshift|terminal_stop_codon=yes	ensembl_transcript_id=ENST00000680679.1|ensembl_gene_id=ENSG00000136699.20|gene_name=SMPD4|tmd_start=455|tmd_end=472|tmd_seq=LLMYTKLFVGFLNRALRT|ss_nuc_start=1536|ss_seq=CATCCCC|tmd-SS_gap_size=40|ensembl_uniprot_annotation=No_uniprot_annotation|blastp_uniprot_annotation=Q9NXE4|transcript_canonical_status=Alternative|TMD_dG_app=2.49|SS_dG_fs=2.41|stem_loop_presence=Yes|fs_type=0_frame|frame_transition=no_frameshift|terminal_stop_codon=yes	AFPHLQQPSFLLASLKADSINKPFAQQcQD;AFPHLQQPSFLLASLKADSINKPFAQQcQDLVKVIE	1.0	0.0	1.0	0.0	1.0	1.0	0.0	0.0	1.0	0.0	1.00743728E8	0.0	3.9770112E8	1.59552384E9	0.0	0.0	1.1837159E7	0.0	8.42154E7	0.0	8.1449088E8	9.0716992E8	0.0	0.0	6692707.0
ensembl_transcript_id=ENST00000680679.1|ensembl_gene_id=ENSG00000136699.20|gene_name=SMPD4|tmd_start=455|tmd_end=472|tmd_seq=LLMYTKLFVGFLNRALRT|ss_nuc_start=1536|ss_seq=CATCCCC|tmd-SS_gap_size=40|ensembl_uniprot_annotation=No_uniprot_annotation|blastp_uniprot_annotation=Q9NXE4|transcript_canonical_status=Alternative|TMD_dG_app=2.49|SS_dG_fs=2.41|stem_loop_presence=Yes|fs_type=0_frame|frame_transition=no_frameshift|terminal_stop_codon=yes_C557		ensembl_transcript_id=ENST00000680679.1|ensembl_gene_id=ENSG00000136699.20|gene_name=SMPD4|tmd_start=455|tmd_end=472|tmd_seq=LLMYTKLFVGFLNRALRT|ss_nuc_start=1536|ss_seq=CATCCCC|tmd-SS_gap_size=40|ensembl_uniprot_annotation=No_uniprot_annotation|blastp_uniprot_annotation=Q9NXE4|transcript_canonical_status=Alternative|TMD_dG_app=2.49|SS_dG_fs=2.41|stem_loop_presence=Yes|fs_type=0_frame|frame_transition=no_frameshift|terminal_stop_codon=yes	ensembl_transcript_id=ENST00000680679.1|ensembl_gene_id=ENSG00000136699.20|gene_name=SMPD4|tmd_start=455|tmd_end=472|tmd_seq=LLMYTKLFVGFLNRALRT|ss_nuc_start=1536|ss_seq=CATCCCC|tmd-SS_gap_size=40|ensembl_uniprot_annotation=No_uniprot_annotation|blastp_uniprot_annotation=Q9NXE4|transcript_canonical_status=Alternative|TMD_dG_app=2.49|SS_dG_fs=2.41|stem_loop_presence=Yes|fs_type=0_frame|frame_transition=no_frameshift|terminal_stop_codon=yes	GQDcKYTPMFGPE	1.0	0.0	0.0	0.0	0.0	1.0	0.0	0.0	0.0	0.0	0.0	0.0	0.0	1.5224224E8	0.0	0.0	0.0	0.0	0.0	0.0	0.0	0.0	0.0	0.0	0.0
