Index	Gene	Protein	Protein ID	Peptide	Best Localization Probability	GM12878_LysC_HCD Localization Probability	HUVEC_LysC_HCD Localization Probability	HeLa_LysC_HCD Localization Probability	HepG2_LysC_HCD Localization Probability	K562_LysC_HCD Localization Probability	hESC_LysC_HCD Localization Probability	GM12878_LysC_HCD Intensity	HUVEC_LysC_HCD Intensity	HeLa_LysC_HCD Intensity	HepG2_LysC_HCD Intensity	K562_LysC_HCD Intensity	hESC_LysC_HCD Intensity	GM12878_LysC_HCD MaxLFQ Intensity	HUVEC_LysC_HCD MaxLFQ Intensity	HeLa_LysC_HCD MaxLFQ Intensity	HepG2_LysC_HCD MaxLFQ Intensity	K562_LysC_HCD MaxLFQ Intensity	hESC_LysC_HCD MaxLFQ Intensity
ensembl_transcript_id=ENST00000286091.9|ensembl_gene_id=ENSG00000155660.11|gene_name=PDIA4|tmd_start=4|tmd_end=24|tmd_seq=RKAFLLLLLLGLVQLLAVAGA|ss_nuc_start=180|ss_seq=AGAAAAT|tmd-SS_gap_size=36|ensembl_uniprot_annotation=No_uniprot_annotation|blastp_uniprot_annotation=P13667|transcript_canonical_status=Alternative|TMD_dG_app=-1.55|SS_dG_fs=2.79|stem_loop_presence=Yes|fs_type=0_frame|frame_transition=no_frameshift|terminal_stop_codon=yes_M373		ensembl_transcript_id=ENST00000286091.9|ensembl_gene_id=ENSG00000155660.11|gene_name=PDIA4|tmd_start=4|tmd_end=24|tmd_seq=RKAFLLLLLLGLVQLLAVAGA|ss_nuc_start=180|ss_seq=AGAAAAT|tmd-SS_gap_size=36|ensembl_uniprot_annotation=No_uniprot_annotation|blastp_uniprot_annotation=P13667|transcript_canonical_status=Alternative|TMD_dG_app=-1.55|SS_dG_fs=2.79|stem_loop_presence=Yes|fs_type=0_frame|frame_transition=no_frameshift|terminal_stop_codon=yes	ensembl_transcript_id=ENST00000286091.9|ensembl_gene_id=ENSG00000155660.11|gene_name=PDIA4|tmd_start=4|tmd_end=24|tmd_seq=RKAFLLLLLLGLVQLLAVAGA|ss_nuc_start=180|ss_seq=AGAAAAT|tmd-SS_gap_size=36|ensembl_uniprot_annotation=No_uniprot_annotation|blastp_uniprot_annotation=P13667|transcript_canonical_status=Alternative|TMD_dG_app=-1.55|SS_dG_fs=2.79|stem_loop_presence=Yes|fs_type=0_frame|frame_transition=no_frameshift|terminal_stop_codon=yes	YEPRSHmMDVQQGSTQDSAIK;YEPRSHmmDVQQGSTQDSAIK	1.0	1.0	1.0	0.0	1.0	1.0	0.0	1.3900371E7	6.3787944E7	0.0	3.37659712E8	2.0651616E7	0.0	3.9008856E7	6.173838E7	0.0	1.396584E7	5.7954992E7	0.0
ensembl_transcript_id=ENST00000286091.9|ensembl_gene_id=ENSG00000155660.11|gene_name=PDIA4|tmd_start=4|tmd_end=24|tmd_seq=RKAFLLLLLLGLVQLLAVAGA|ss_nuc_start=180|ss_seq=AGAAAAT|tmd-SS_gap_size=36|ensembl_uniprot_annotation=No_uniprot_annotation|blastp_uniprot_annotation=P13667|transcript_canonical_status=Alternative|TMD_dG_app=-1.55|SS_dG_fs=2.79|stem_loop_presence=Yes|fs_type=0_frame|frame_transition=no_frameshift|terminal_stop_codon=yes_M374		ensembl_transcript_id=ENST00000286091.9|ensembl_gene_id=ENSG00000155660.11|gene_name=PDIA4|tmd_start=4|tmd_end=24|tmd_seq=RKAFLLLLLLGLVQLLAVAGA|ss_nuc_start=180|ss_seq=AGAAAAT|tmd-SS_gap_size=36|ensembl_uniprot_annotation=No_uniprot_annotation|blastp_uniprot_annotation=P13667|transcript_canonical_status=Alternative|TMD_dG_app=-1.55|SS_dG_fs=2.79|stem_loop_presence=Yes|fs_type=0_frame|frame_transition=no_frameshift|terminal_stop_codon=yes	ensembl_transcript_id=ENST00000286091.9|ensembl_gene_id=ENSG00000155660.11|gene_name=PDIA4|tmd_start=4|tmd_end=24|tmd_seq=RKAFLLLLLLGLVQLLAVAGA|ss_nuc_start=180|ss_seq=AGAAAAT|tmd-SS_gap_size=36|ensembl_uniprot_annotation=No_uniprot_annotation|blastp_uniprot_annotation=P13667|transcript_canonical_status=Alternative|TMD_dG_app=-1.55|SS_dG_fs=2.79|stem_loop_presence=Yes|fs_type=0_frame|frame_transition=no_frameshift|terminal_stop_codon=yes	YEPRSHMmDVQQGSTQDSAIK;YEPRSHmmDVQQGSTQDSAIK	1.0	1.0	1.0	1.0	1.0	1.0	0.0	8205560.5	3.8819836E7	2331559.0	4.10446144E8	1.0092308E7	0.0	8205560.5	3.8819836E7	2331559.0	2.46885632E8	1.0092308E7	0.0
ensembl_transcript_id=ENST00000302401.8|ensembl_gene_id=ENSG00000080503.25|gene_name=SMARCA2|tmd_start=5|tmd_end=24|tmd_seq=RLAARCFAGLLILSPLTVIS|ss_nuc_start=189|ss_seq=AAAAGAA|tmd-SS_gap_size=39|ensembl_uniprot_annotation=No_uniprot_annotation|blastp_uniprot_annotation=P51531|transcript_canonical_status=Alternative|TMD_dG_app=0.17|SS_dG_fs=2.46|stem_loop_presence=Yes|fs_type=0_frame|frame_transition=no_frameshift|terminal_stop_codon=yes_M43		ensembl_transcript_id=ENST00000302401.8|ensembl_gene_id=ENSG00000080503.25|gene_name=SMARCA2|tmd_start=5|tmd_end=24|tmd_seq=RLAARCFAGLLILSPLTVIS|ss_nuc_start=189|ss_seq=AAAAGAA|tmd-SS_gap_size=39|ensembl_uniprot_annotation=No_uniprot_annotation|blastp_uniprot_annotation=P51531|transcript_canonical_status=Alternative|TMD_dG_app=0.17|SS_dG_fs=2.46|stem_loop_presence=Yes|fs_type=0_frame|frame_transition=no_frameshift|terminal_stop_codon=yes	ensembl_transcript_id=ENST00000302401.8|ensembl_gene_id=ENSG00000080503.25|gene_name=SMARCA2|tmd_start=5|tmd_end=24|tmd_seq=RLAARCFAGLLILSPLTVIS|ss_nuc_start=189|ss_seq=AAAAGAA|tmd-SS_gap_size=39|ensembl_uniprot_annotation=No_uniprot_annotation|blastp_uniprot_annotation=P51531|transcript_canonical_status=Alternative|TMD_dG_app=0.17|SS_dG_fs=2.46|stem_loop_presence=Yes|fs_type=0_frame|frame_transition=no_frameshift|terminal_stop_codon=yes	AIEDGNLEEmEEEVRLK	1.0	0.0	1.0	0.0	0.0	0.0	0.0	0.0	7656358.5	0.0	0.0	0.0	0.0	0.0	0.0	0.0	0.0	0.0	0.0
ensembl_transcript_id=ENST00000366510.4|ensembl_gene_id=ENSG00000143653.10|gene_name=SCCPDH|tmd_start=286|tmd_end=310|tmd_seq=VIKLMFAGLFFLFFVRFGIGRQLLI|ss_nuc_start=1059|ss_seq=GAACAAA|tmd-SS_gap_size=43|ensembl_uniprot_annotation=Q8NBX0|blastp_uniprot_annotation=Q8NBX0|transcript_canonical_status=Canonical|TMD_dG_app=-1.54|SS_dG_fs=2.77|stem_loop_presence=Yes|fs_type=0_frame|frame_transition=no_frameshift|terminal_stop_codon=yes_M383		ensembl_transcript_id=ENST00000366510.4|ensembl_gene_id=ENSG00000143653.10|gene_name=SCCPDH|tmd_start=286|tmd_end=310|tmd_seq=VIKLMFAGLFFLFFVRFGIGRQLLI|ss_nuc_start=1059|ss_seq=GAACAAA|tmd-SS_gap_size=43|ensembl_uniprot_annotation=Q8NBX0|blastp_uniprot_annotation=Q8NBX0|transcript_canonical_status=Canonical|TMD_dG_app=-1.54|SS_dG_fs=2.77|stem_loop_presence=Yes|fs_type=0_frame|frame_transition=no_frameshift|terminal_stop_codon=yes	ensembl_transcript_id=ENST00000366510.4|ensembl_gene_id=ENSG00000143653.10|gene_name=SCCPDH|tmd_start=286|tmd_end=310|tmd_seq=VIKLMFAGLFFLFFVRFGIGRQLLI|ss_nuc_start=1059|ss_seq=GAACAAA|tmd-SS_gap_size=43|ensembl_uniprot_annotation=Q8NBX0|blastp_uniprot_annotation=Q8NBX0|transcript_canonical_status=Canonical|TMD_dG_app=-1.54|SS_dG_fs=2.77|stem_loop_presence=Yes|fs_type=0_frame|frame_transition=no_frameshift|terminal_stop_codon=yes	GPEAGYVATPIAMVQAAmTLLSDASHLPK	1.0	1.0	0.0	0.0	0.0	0.0	0.0	2.0065378E7	0.0	0.0	0.0	0.0	0.0	0.0	0.0	0.0	0.0	0.0	0.0
ensembl_transcript_id=ENST00000369722.8|ensembl_gene_id=ENSG00000116459.11|gene_name=ATP5PB|tmd_start=1|tmd_end=17|tmd_seq=MLSRVVLSAAATAAPSL|ss_nuc_start=156|ss_seq=AAAAGTT|tmd-SS_gap_size=35|ensembl_uniprot_annotation=P24539|blastp_uniprot_annotation=P24539|transcript_canonical_status=Canonical|TMD_dG_app=3.52|SS_dG_fs=1.49|stem_loop_presence=Yes|fs_type=0_frame|frame_transition=no_frameshift|terminal_stop_codon=yes_M206		ensembl_transcript_id=ENST00000369722.8|ensembl_gene_id=ENSG00000116459.11|gene_name=ATP5PB|tmd_start=1|tmd_end=17|tmd_seq=MLSRVVLSAAATAAPSL|ss_nuc_start=156|ss_seq=AAAAGTT|tmd-SS_gap_size=35|ensembl_uniprot_annotation=P24539|blastp_uniprot_annotation=P24539|transcript_canonical_status=Canonical|TMD_dG_app=3.52|SS_dG_fs=1.49|stem_loop_presence=Yes|fs_type=0_frame|frame_transition=no_frameshift|terminal_stop_codon=yes	ensembl_transcript_id=ENST00000369722.8|ensembl_gene_id=ENSG00000116459.11|gene_name=ATP5PB|tmd_start=1|tmd_end=17|tmd_seq=MLSRVVLSAAATAAPSL|ss_nuc_start=156|ss_seq=AAAAGTT|tmd-SS_gap_size=35|ensembl_uniprot_annotation=P24539|blastp_uniprot_annotation=P24539|transcript_canonical_status=Canonical|TMD_dG_app=3.52|SS_dG_fs=1.49|stem_loop_presence=Yes|fs_type=0_frame|frame_transition=no_frameshift|terminal_stop_codon=yes	NRLDYHISVQNmmRRK	1.0	1.0	0.0	0.0	1.0	0.0	0.0	1.0190486E7	0.0	0.0	8411805.0	0.0	0.0	1.0190486E7	0.0	0.0	8411805.0	0.0	0.0
ensembl_transcript_id=ENST00000369722.8|ensembl_gene_id=ENSG00000116459.11|gene_name=ATP5PB|tmd_start=1|tmd_end=17|tmd_seq=MLSRVVLSAAATAAPSL|ss_nuc_start=156|ss_seq=AAAAGTT|tmd-SS_gap_size=35|ensembl_uniprot_annotation=P24539|blastp_uniprot_annotation=P24539|transcript_canonical_status=Canonical|TMD_dG_app=3.52|SS_dG_fs=1.49|stem_loop_presence=Yes|fs_type=0_frame|frame_transition=no_frameshift|terminal_stop_codon=yes_M207		ensembl_transcript_id=ENST00000369722.8|ensembl_gene_id=ENSG00000116459.11|gene_name=ATP5PB|tmd_start=1|tmd_end=17|tmd_seq=MLSRVVLSAAATAAPSL|ss_nuc_start=156|ss_seq=AAAAGTT|tmd-SS_gap_size=35|ensembl_uniprot_annotation=P24539|blastp_uniprot_annotation=P24539|transcript_canonical_status=Canonical|TMD_dG_app=3.52|SS_dG_fs=1.49|stem_loop_presence=Yes|fs_type=0_frame|frame_transition=no_frameshift|terminal_stop_codon=yes	ensembl_transcript_id=ENST00000369722.8|ensembl_gene_id=ENSG00000116459.11|gene_name=ATP5PB|tmd_start=1|tmd_end=17|tmd_seq=MLSRVVLSAAATAAPSL|ss_nuc_start=156|ss_seq=AAAAGTT|tmd-SS_gap_size=35|ensembl_uniprot_annotation=P24539|blastp_uniprot_annotation=P24539|transcript_canonical_status=Canonical|TMD_dG_app=3.52|SS_dG_fs=1.49|stem_loop_presence=Yes|fs_type=0_frame|frame_transition=no_frameshift|terminal_stop_codon=yes	NRLDYHISVQNmmRRK	1.0	1.0	0.0	0.0	1.0	0.0	0.0	1.0190486E7	0.0	0.0	8411805.0	0.0	0.0	1.0190486E7	0.0	0.0	8411805.0	0.0	0.0
ensembl_transcript_id=ENST00000416096.5|ensembl_gene_id=ENSG00000229215.9|gene_name=HLA-A|tmd_start=2|tmd_end=24|tmd_seq=AVMAPRTLLLLLSGALALTQTWA|ss_nuc_start=234|ss_seq=GGAGGGG|tmd-SS_gap_size=54|ensembl_uniprot_annotation=No_uniprot_annotation|blastp_uniprot_annotation=P04439|transcript_canonical_status=Alternative|TMD_dG_app=0.32|SS_dG_fs=2.65|stem_loop_presence=Yes|fs_type=0_frame|frame_transition=no_frameshift|terminal_stop_codon=yes_M69		ensembl_transcript_id=ENST00000416096.5|ensembl_gene_id=ENSG00000229215.9|gene_name=HLA-A|tmd_start=2|tmd_end=24|tmd_seq=AVMAPRTLLLLLSGALALTQTWA|ss_nuc_start=234|ss_seq=GGAGGGG|tmd-SS_gap_size=54|ensembl_uniprot_annotation=No_uniprot_annotation|blastp_uniprot_annotation=P04439|transcript_canonical_status=Alternative|TMD_dG_app=0.32|SS_dG_fs=2.65|stem_loop_presence=Yes|fs_type=0_frame|frame_transition=no_frameshift|terminal_stop_codon=yes	ensembl_transcript_id=ENST00000416096.5|ensembl_gene_id=ENSG00000229215.9|gene_name=HLA-A|tmd_start=2|tmd_end=24|tmd_seq=AVMAPRTLLLLLSGALALTQTWA|ss_nuc_start=234|ss_seq=GGAGGGG|tmd-SS_gap_size=54|ensembl_uniprot_annotation=No_uniprot_annotation|blastp_uniprot_annotation=P04439|transcript_canonical_status=Alternative|TMD_dG_app=0.32|SS_dG_fs=2.65|stem_loop_presence=Yes|fs_type=0_frame|frame_transition=no_frameshift|terminal_stop_codon=yes	mEPRAPWIEQEGPEYWDQETRNMK;mEPRAPWIEQEGPEYWDQETRNmK	1.0	1.0	0.0	0.0	0.0	0.0	0.0	2.78163648E8	0.0	0.0	0.0	0.0	0.0	0.0	0.0	0.0	0.0	0.0	0.0
ensembl_transcript_id=ENST00000416096.5|ensembl_gene_id=ENSG00000229215.9|gene_name=HLA-A|tmd_start=2|tmd_end=24|tmd_seq=AVMAPRTLLLLLSGALALTQTWA|ss_nuc_start=234|ss_seq=GGAGGGG|tmd-SS_gap_size=54|ensembl_uniprot_annotation=No_uniprot_annotation|blastp_uniprot_annotation=P04439|transcript_canonical_status=Alternative|TMD_dG_app=0.32|SS_dG_fs=2.65|stem_loop_presence=Yes|fs_type=0_frame|frame_transition=no_frameshift|terminal_stop_codon=yes_M91		ensembl_transcript_id=ENST00000416096.5|ensembl_gene_id=ENSG00000229215.9|gene_name=HLA-A|tmd_start=2|tmd_end=24|tmd_seq=AVMAPRTLLLLLSGALALTQTWA|ss_nuc_start=234|ss_seq=GGAGGGG|tmd-SS_gap_size=54|ensembl_uniprot_annotation=No_uniprot_annotation|blastp_uniprot_annotation=P04439|transcript_canonical_status=Alternative|TMD_dG_app=0.32|SS_dG_fs=2.65|stem_loop_presence=Yes|fs_type=0_frame|frame_transition=no_frameshift|terminal_stop_codon=yes	ensembl_transcript_id=ENST00000416096.5|ensembl_gene_id=ENSG00000229215.9|gene_name=HLA-A|tmd_start=2|tmd_end=24|tmd_seq=AVMAPRTLLLLLSGALALTQTWA|ss_nuc_start=234|ss_seq=GGAGGGG|tmd-SS_gap_size=54|ensembl_uniprot_annotation=No_uniprot_annotation|blastp_uniprot_annotation=P04439|transcript_canonical_status=Alternative|TMD_dG_app=0.32|SS_dG_fs=2.65|stem_loop_presence=Yes|fs_type=0_frame|frame_transition=no_frameshift|terminal_stop_codon=yes	MEPRAPWIEQEGPEYWDQETRNmK;mEPRAPWIEQEGPEYWDQETRNmK	1.0	1.0	0.0	0.0	0.0	0.0	0.0	4.42708864E8	0.0	0.0	0.0	0.0	0.0	0.0	0.0	0.0	0.0	0.0	0.0
ensembl_transcript_id=ENST00000564288.6|ensembl_gene_id=ENSG00000127603.32|gene_name=MACF1|tmd_start=1832|tmd_end=1853|tmd_seq=LVAAKIALVILESLWSFMGLLW|ss_nuc_start=5700|ss_seq=GAAGAAA|tmd-SS_gap_size=47|ensembl_uniprot_annotation=No_uniprot_annotation|blastp_uniprot_annotation=Q9UPN3|transcript_canonical_status=Canonical|TMD_dG_app=0.67|SS_dG_fs=2.86|stem_loop_presence=Yes|fs_type=0_frame|frame_transition=no_frameshift|terminal_stop_codon=yes_M5398		ensembl_transcript_id=ENST00000564288.6|ensembl_gene_id=ENSG00000127603.32|gene_name=MACF1|tmd_start=1832|tmd_end=1853|tmd_seq=LVAAKIALVILESLWSFMGLLW|ss_nuc_start=5700|ss_seq=GAAGAAA|tmd-SS_gap_size=47|ensembl_uniprot_annotation=No_uniprot_annotation|blastp_uniprot_annotation=Q9UPN3|transcript_canonical_status=Canonical|TMD_dG_app=0.67|SS_dG_fs=2.86|stem_loop_presence=Yes|fs_type=0_frame|frame_transition=no_frameshift|terminal_stop_codon=yes	ensembl_transcript_id=ENST00000564288.6|ensembl_gene_id=ENSG00000127603.32|gene_name=MACF1|tmd_start=1832|tmd_end=1853|tmd_seq=LVAAKIALVILESLWSFMGLLW|ss_nuc_start=5700|ss_seq=GAAGAAA|tmd-SS_gap_size=47|ensembl_uniprot_annotation=No_uniprot_annotation|blastp_uniprot_annotation=Q9UPN3|transcript_canonical_status=Canonical|TMD_dG_app=0.67|SS_dG_fs=2.86|stem_loop_presence=Yes|fs_type=0_frame|frame_transition=no_frameshift|terminal_stop_codon=yes	ATVDmLQAEGGRIAQSAELADREK	1.0	1.0	0.0	0.0	0.0	0.0	0.0	1280696.6	0.0	0.0	0.0	0.0	0.0	0.0	0.0	0.0	0.0	0.0	0.0
ensembl_transcript_id=ENST00000585598.1|ensembl_gene_id=ENSG00000099341.13|gene_name=PSMD8|tmd_start=9|tmd_end=32|tmd_seq=AAGFSSSGPAATSGAVLQAATGMY|ss_nuc_start=258|ss_seq=GGGTGAA|tmd-SS_gap_size=54|ensembl_uniprot_annotation=No_uniprot_annotation|blastp_uniprot_annotation=P48556|transcript_canonical_status=Alternative|TMD_dG_app=5.09|SS_dG_fs=2.72|stem_loop_presence=Yes|fs_type=0_frame|frame_transition=no_frameshift|terminal_stop_codon=yes_M31		ensembl_transcript_id=ENST00000585598.1|ensembl_gene_id=ENSG00000099341.13|gene_name=PSMD8|tmd_start=9|tmd_end=32|tmd_seq=AAGFSSSGPAATSGAVLQAATGMY|ss_nuc_start=258|ss_seq=GGGTGAA|tmd-SS_gap_size=54|ensembl_uniprot_annotation=No_uniprot_annotation|blastp_uniprot_annotation=P48556|transcript_canonical_status=Alternative|TMD_dG_app=5.09|SS_dG_fs=2.72|stem_loop_presence=Yes|fs_type=0_frame|frame_transition=no_frameshift|terminal_stop_codon=yes	ensembl_transcript_id=ENST00000585598.1|ensembl_gene_id=ENSG00000099341.13|gene_name=PSMD8|tmd_start=9|tmd_end=32|tmd_seq=AAGFSSSGPAATSGAVLQAATGMY|ss_nuc_start=258|ss_seq=GGGTGAA|tmd-SS_gap_size=54|ensembl_uniprot_annotation=No_uniprot_annotation|blastp_uniprot_annotation=P48556|transcript_canonical_status=Alternative|TMD_dG_app=5.09|SS_dG_fs=2.72|stem_loop_presence=Yes|fs_type=0_frame|frame_transition=no_frameshift|terminal_stop_codon=yes	AAAAVNGAAGFSSSGPAATSGAVLQAATGmYEQLK	1.0	0.0	0.0	0.0	1.0	1.0	0.0	0.0	0.0	0.0	6.491098E7	3.5885968E7	0.0	0.0	0.0	0.0	0.0	0.0	0.0
ensembl_transcript_id=ENST00000619898.5|ensembl_gene_id=ENSG00000114902.14|gene_name=SPCS1|tmd_start=45|tmd_end=64|tmd_seq=FGWTVYIVMAGFAFSCLLTL|ss_nuc_start=297|ss_seq=TAAAAAT|tmd-SS_gap_size=35|ensembl_uniprot_annotation=No_uniprot_annotation|blastp_uniprot_annotation=Q9Y6A9|transcript_canonical_status=Canonical|TMD_dG_app=-0.89|SS_dG_fs=1.26|stem_loop_presence=No|fs_type=0_frame|frame_transition=no_frameshift|terminal_stop_codon=yes_M1		ensembl_transcript_id=ENST00000619898.5|ensembl_gene_id=ENSG00000114902.14|gene_name=SPCS1|tmd_start=45|tmd_end=64|tmd_seq=FGWTVYIVMAGFAFSCLLTL|ss_nuc_start=297|ss_seq=TAAAAAT|tmd-SS_gap_size=35|ensembl_uniprot_annotation=No_uniprot_annotation|blastp_uniprot_annotation=Q9Y6A9|transcript_canonical_status=Canonical|TMD_dG_app=-0.89|SS_dG_fs=1.26|stem_loop_presence=No|fs_type=0_frame|frame_transition=no_frameshift|terminal_stop_codon=yes	ensembl_transcript_id=ENST00000619898.5|ensembl_gene_id=ENSG00000114902.14|gene_name=SPCS1|tmd_start=45|tmd_end=64|tmd_seq=FGWTVYIVMAGFAFSCLLTL|ss_nuc_start=297|ss_seq=TAAAAAT|tmd-SS_gap_size=35|ensembl_uniprot_annotation=No_uniprot_annotation|blastp_uniprot_annotation=Q9Y6A9|transcript_canonical_status=Canonical|TMD_dG_app=-0.89|SS_dG_fs=1.26|stem_loop_presence=No|fs_type=0_frame|frame_transition=no_frameshift|terminal_stop_codon=yes	mLEHLSSLPTQMDYK;mLEHLSSLPTQmDYK	1.0	1.0	1.0	1.0	1.0	1.0	1.0	6414001.0	1.68020019E9	4.8164476E7	2.52329754E9	4.96844096E8	3.7669192E7	1.1491833E7	1.04417178E9	3.0022968E7	1.07384307E9	3.92790592E8	4.7045816E7
ensembl_transcript_id=ENST00000619898.5|ensembl_gene_id=ENSG00000114902.14|gene_name=SPCS1|tmd_start=45|tmd_end=64|tmd_seq=FGWTVYIVMAGFAFSCLLTL|ss_nuc_start=297|ss_seq=TAAAAAT|tmd-SS_gap_size=35|ensembl_uniprot_annotation=No_uniprot_annotation|blastp_uniprot_annotation=Q9Y6A9|transcript_canonical_status=Canonical|TMD_dG_app=-0.89|SS_dG_fs=1.26|stem_loop_presence=No|fs_type=0_frame|frame_transition=no_frameshift|terminal_stop_codon=yes_M12		ensembl_transcript_id=ENST00000619898.5|ensembl_gene_id=ENSG00000114902.14|gene_name=SPCS1|tmd_start=45|tmd_end=64|tmd_seq=FGWTVYIVMAGFAFSCLLTL|ss_nuc_start=297|ss_seq=TAAAAAT|tmd-SS_gap_size=35|ensembl_uniprot_annotation=No_uniprot_annotation|blastp_uniprot_annotation=Q9Y6A9|transcript_canonical_status=Canonical|TMD_dG_app=-0.89|SS_dG_fs=1.26|stem_loop_presence=No|fs_type=0_frame|frame_transition=no_frameshift|terminal_stop_codon=yes	ensembl_transcript_id=ENST00000619898.5|ensembl_gene_id=ENSG00000114902.14|gene_name=SPCS1|tmd_start=45|tmd_end=64|tmd_seq=FGWTVYIVMAGFAFSCLLTL|ss_nuc_start=297|ss_seq=TAAAAAT|tmd-SS_gap_size=35|ensembl_uniprot_annotation=No_uniprot_annotation|blastp_uniprot_annotation=Q9Y6A9|transcript_canonical_status=Canonical|TMD_dG_app=-0.89|SS_dG_fs=1.26|stem_loop_presence=No|fs_type=0_frame|frame_transition=no_frameshift|terminal_stop_codon=yes	MLEHLSSLPTQmDYK;mLEHLSSLPTQmDYK	1.0	1.0	1.0	1.0	1.0	1.0	0.0	2.89208928E8	5.6995142E8	3.0223156E7	2.57601178E9	0.0	0.0	2.13696768E8	4.94699456E8	5.9223512E7	6.4315238E8	0.0	0.0
ensembl_transcript_id=ENST00000677340.1|ensembl_gene_id=ENSG00000092108.22|gene_name=SCFD1|tmd_start=167|tmd_end=191|tmd_seq=TIVDSLFCFFVTLGAVPIIRCSRGT|ss_nuc_start=732|ss_seq=TCCTTTA|tmd-SS_gap_size=53|ensembl_uniprot_annotation=No_uniprot_annotation|blastp_uniprot_annotation=Q8WVM8|transcript_canonical_status=Alternative|TMD_dG_app=0.56|SS_dG_fs=2.43|stem_loop_presence=Yes|fs_type=0_frame|frame_transition=no_frameshift|terminal_stop_codon=yes_M1		ensembl_transcript_id=ENST00000677340.1|ensembl_gene_id=ENSG00000092108.22|gene_name=SCFD1|tmd_start=167|tmd_end=191|tmd_seq=TIVDSLFCFFVTLGAVPIIRCSRGT|ss_nuc_start=732|ss_seq=TCCTTTA|tmd-SS_gap_size=53|ensembl_uniprot_annotation=No_uniprot_annotation|blastp_uniprot_annotation=Q8WVM8|transcript_canonical_status=Alternative|TMD_dG_app=0.56|SS_dG_fs=2.43|stem_loop_presence=Yes|fs_type=0_frame|frame_transition=no_frameshift|terminal_stop_codon=yes	ensembl_transcript_id=ENST00000677340.1|ensembl_gene_id=ENSG00000092108.22|gene_name=SCFD1|tmd_start=167|tmd_end=191|tmd_seq=TIVDSLFCFFVTLGAVPIIRCSRGT|ss_nuc_start=732|ss_seq=TCCTTTA|tmd-SS_gap_size=53|ensembl_uniprot_annotation=No_uniprot_annotation|blastp_uniprot_annotation=Q8WVM8|transcript_canonical_status=Alternative|TMD_dG_app=0.56|SS_dG_fs=2.43|stem_loop_presence=Yes|fs_type=0_frame|frame_transition=no_frameshift|terminal_stop_codon=yes	mLNFNVPHIK	1.0	0.0	0.0	0.0	1.0	0.0	0.0	0.0	0.0	0.0	1.76725837E9	0.0	0.0	0.0	0.0	0.0	0.0	0.0	0.0
ensembl_transcript_id=ENST00000683989.1|ensembl_gene_id=ENSG00000138095.20|gene_name=LRPPRC|tmd_start=4|tmd_end=27|tmd_seq=LLRSARWLLRAGAAPRLPLSLRLL|ss_nuc_start=192|ss_seq=AGAAAAA|tmd-SS_gap_size=37|ensembl_uniprot_annotation=No_uniprot_annotation|blastp_uniprot_annotation=P42704|transcript_canonical_status=Alternative|TMD_dG_app=2.26|SS_dG_fs=2.46|stem_loop_presence=Yes|fs_type=0_frame|frame_transition=no_frameshift|terminal_stop_codon=yes_M301		ensembl_transcript_id=ENST00000683989.1|ensembl_gene_id=ENSG00000138095.20|gene_name=LRPPRC|tmd_start=4|tmd_end=27|tmd_seq=LLRSARWLLRAGAAPRLPLSLRLL|ss_nuc_start=192|ss_seq=AGAAAAA|tmd-SS_gap_size=37|ensembl_uniprot_annotation=No_uniprot_annotation|blastp_uniprot_annotation=P42704|transcript_canonical_status=Alternative|TMD_dG_app=2.26|SS_dG_fs=2.46|stem_loop_presence=Yes|fs_type=0_frame|frame_transition=no_frameshift|terminal_stop_codon=yes	ensembl_transcript_id=ENST00000683989.1|ensembl_gene_id=ENSG00000138095.20|gene_name=LRPPRC|tmd_start=4|tmd_end=27|tmd_seq=LLRSARWLLRAGAAPRLPLSLRLL|ss_nuc_start=192|ss_seq=AGAAAAA|tmd-SS_gap_size=37|ensembl_uniprot_annotation=No_uniprot_annotation|blastp_uniprot_annotation=P42704|transcript_canonical_status=Alternative|TMD_dG_app=2.26|SS_dG_fs=2.46|stem_loop_presence=Yes|fs_type=0_frame|frame_transition=no_frameshift|terminal_stop_codon=yes	SELHLmDRDLLQIIFSFSK	1.0	0.0	1.0	0.0	0.0	0.0	0.0	0.0	6474543.0	0.0	0.0	0.0	0.0	0.0	0.0	0.0	0.0	0.0	0.0
ensembl_transcript_id=ENST00000683989.1|ensembl_gene_id=ENSG00000138095.20|gene_name=LRPPRC|tmd_start=4|tmd_end=27|tmd_seq=LLRSARWLLRAGAAPRLPLSLRLL|ss_nuc_start=192|ss_seq=AGAAAAA|tmd-SS_gap_size=37|ensembl_uniprot_annotation=No_uniprot_annotation|blastp_uniprot_annotation=P42704|transcript_canonical_status=Alternative|TMD_dG_app=2.26|SS_dG_fs=2.46|stem_loop_presence=Yes|fs_type=0_frame|frame_transition=no_frameshift|terminal_stop_codon=yes_M402		ensembl_transcript_id=ENST00000683989.1|ensembl_gene_id=ENSG00000138095.20|gene_name=LRPPRC|tmd_start=4|tmd_end=27|tmd_seq=LLRSARWLLRAGAAPRLPLSLRLL|ss_nuc_start=192|ss_seq=AGAAAAA|tmd-SS_gap_size=37|ensembl_uniprot_annotation=No_uniprot_annotation|blastp_uniprot_annotation=P42704|transcript_canonical_status=Alternative|TMD_dG_app=2.26|SS_dG_fs=2.46|stem_loop_presence=Yes|fs_type=0_frame|frame_transition=no_frameshift|terminal_stop_codon=yes	ensembl_transcript_id=ENST00000683989.1|ensembl_gene_id=ENSG00000138095.20|gene_name=LRPPRC|tmd_start=4|tmd_end=27|tmd_seq=LLRSARWLLRAGAAPRLPLSLRLL|ss_nuc_start=192|ss_seq=AGAAAAA|tmd-SS_gap_size=37|ensembl_uniprot_annotation=No_uniprot_annotation|blastp_uniprot_annotation=P42704|transcript_canonical_status=Alternative|TMD_dG_app=2.26|SS_dG_fs=2.46|stem_loop_presence=Yes|fs_type=0_frame|frame_transition=no_frameshift|terminal_stop_codon=yes	EVQmHSFPLQFTLHCALLANK	1.0	0.0	0.0	0.0	0.0	1.0	0.0	0.0	0.0	0.0	0.0	2.54063744E9	0.0	0.0	0.0	0.0	0.0	0.0	0.0
ensembl_transcript_id=ENST00000699075.1|ensembl_gene_id=ENSG00000162368.15|gene_name=CMPK1|tmd_start=1|tmd_end=16|tmd_seq=MKPLVVFVLGGPGAGK|ss_nuc_start=168|ss_seq=CATTAAA|tmd-SS_gap_size=40|ensembl_uniprot_annotation=P30085|blastp_uniprot_annotation=P30085|transcript_canonical_status=Alternative|TMD_dG_app=3.97|SS_dG_fs=1.74|stem_loop_presence=Yes|fs_type=0_frame|frame_transition=no_frameshift|terminal_stop_codon=yes_M76		ensembl_transcript_id=ENST00000699075.1|ensembl_gene_id=ENSG00000162368.15|gene_name=CMPK1|tmd_start=1|tmd_end=16|tmd_seq=MKPLVVFVLGGPGAGK|ss_nuc_start=168|ss_seq=CATTAAA|tmd-SS_gap_size=40|ensembl_uniprot_annotation=P30085|blastp_uniprot_annotation=P30085|transcript_canonical_status=Alternative|TMD_dG_app=3.97|SS_dG_fs=1.74|stem_loop_presence=Yes|fs_type=0_frame|frame_transition=no_frameshift|terminal_stop_codon=yes	ensembl_transcript_id=ENST00000699075.1|ensembl_gene_id=ENSG00000162368.15|gene_name=CMPK1|tmd_start=1|tmd_end=16|tmd_seq=MKPLVVFVLGGPGAGK|ss_nuc_start=168|ss_seq=CATTAAA|tmd-SS_gap_size=40|ensembl_uniprot_annotation=P30085|blastp_uniprot_annotation=P30085|transcript_canonical_status=Alternative|TMD_dG_app=3.97|SS_dG_fs=1.74|stem_loop_presence=Yes|fs_type=0_frame|frame_transition=no_frameshift|terminal_stop_codon=yes	REmDQTmAANAQK	1.0	1.0	0.0	0.0	0.0	0.0	0.0	1.75787E7	0.0	0.0	0.0	0.0	0.0	0.0	0.0	0.0	0.0	0.0	0.0
ensembl_transcript_id=ENST00000699075.1|ensembl_gene_id=ENSG00000162368.15|gene_name=CMPK1|tmd_start=1|tmd_end=16|tmd_seq=MKPLVVFVLGGPGAGK|ss_nuc_start=168|ss_seq=CATTAAA|tmd-SS_gap_size=40|ensembl_uniprot_annotation=P30085|blastp_uniprot_annotation=P30085|transcript_canonical_status=Alternative|TMD_dG_app=3.97|SS_dG_fs=1.74|stem_loop_presence=Yes|fs_type=0_frame|frame_transition=no_frameshift|terminal_stop_codon=yes_M80		ensembl_transcript_id=ENST00000699075.1|ensembl_gene_id=ENSG00000162368.15|gene_name=CMPK1|tmd_start=1|tmd_end=16|tmd_seq=MKPLVVFVLGGPGAGK|ss_nuc_start=168|ss_seq=CATTAAA|tmd-SS_gap_size=40|ensembl_uniprot_annotation=P30085|blastp_uniprot_annotation=P30085|transcript_canonical_status=Alternative|TMD_dG_app=3.97|SS_dG_fs=1.74|stem_loop_presence=Yes|fs_type=0_frame|frame_transition=no_frameshift|terminal_stop_codon=yes	ensembl_transcript_id=ENST00000699075.1|ensembl_gene_id=ENSG00000162368.15|gene_name=CMPK1|tmd_start=1|tmd_end=16|tmd_seq=MKPLVVFVLGGPGAGK|ss_nuc_start=168|ss_seq=CATTAAA|tmd-SS_gap_size=40|ensembl_uniprot_annotation=P30085|blastp_uniprot_annotation=P30085|transcript_canonical_status=Alternative|TMD_dG_app=3.97|SS_dG_fs=1.74|stem_loop_presence=Yes|fs_type=0_frame|frame_transition=no_frameshift|terminal_stop_codon=yes	REmDQTmAANAQK	1.0	1.0	0.0	0.0	0.0	0.0	0.0	1.75787E7	0.0	0.0	0.0	0.0	0.0	0.0	0.0	0.0	0.0	0.0	0.0
