PROTID	GENEID	GM12878_LysC_ETD_INT	HUVEC_LysC_ETD_INT	HeLa_LysC_ETD_INT	HepG2_LysC_ETD_INT	K562_LysC_ETD_INT	hESC_LysC_ETD_INT
na	na	GM12878_LysC_ETD	HUVEC_LysC_ETD	HeLa_LysC_ETD	HepG2_LysC_ETD	K562_LysC_ETD	hESC_LysC_ETD
ensembl_transcript_id=ENST00000237530.11|ensembl_gene_id=ENSG00000118705.18|gene_name=RPN2|tmd_start=6|tmd_end=24|tmd_seq=SSTVFLLALTIIASTWALT|ss_nuc_start=204|ss_seq=AAAGAAA|tmd-SS_gap_size=44|ensembl_uniprot_annotation=P04844|blastp_uniprot_annotation=P04844|transcript_canonical_status=Canonical|TMD_dG_app=-0.29|SS_dG_fs=2.48|stem_loop_presence=Yes|fs_type=0_frame|frame_transition=no_frameshift|terminal_stop_codon=yes		0	0	8.364448E8	0	0	0
ensembl_transcript_id=ENST00000245206.10|ensembl_gene_id=ENSG00000125166.13|gene_name=GOT2|tmd_start=13|tmd_end=34|tmd_seq=IAAAFHPGLAAAASARASSWWT|ss_nuc_start=267|ss_seq=AAAAAAT|tmd-SS_gap_size=55|ensembl_uniprot_annotation=P00505|blastp_uniprot_annotation=P00505|transcript_canonical_status=Canonical|TMD_dG_app=3.74|SS_dG_fs=0.33|stem_loop_presence=Yes|fs_type=0_frame|frame_transition=no_frameshift|terminal_stop_codon=yes		0	0	7.5292576E7	0	0	0
ensembl_transcript_id=ENST00000253024.10|ensembl_gene_id=ENSG00000130726.12|gene_name=TRIM28|tmd_start=1|tmd_end=16|tmd_seq=MAASAAAASAAAASAA|ss_nuc_start=156|ss_seq=GGGGGGC|tmd-SS_gap_size=36|ensembl_uniprot_annotation=Q13263|blastp_uniprot_annotation=Q13263|transcript_canonical_status=Canonical|TMD_dG_app=3.83|SS_dG_fs=0.76|stem_loop_presence=Yes|fs_type=0_frame|frame_transition=no_frameshift|terminal_stop_codon=yes		0	0	2.1186614E7	0	0	0
ensembl_transcript_id=ENST00000286091.9|ensembl_gene_id=ENSG00000155660.11|gene_name=PDIA4|tmd_start=4|tmd_end=24|tmd_seq=RKAFLLLLLLGLVQLLAVAGA|ss_nuc_start=180|ss_seq=AGAAAAT|tmd-SS_gap_size=36|ensembl_uniprot_annotation=No_uniprot_annotation|blastp_uniprot_annotation=P13667|transcript_canonical_status=Alternative|TMD_dG_app=-1.55|SS_dG_fs=2.79|stem_loop_presence=Yes|fs_type=0_frame|frame_transition=no_frameshift|terminal_stop_codon=yes		7.8461382E8	1.61079184E8	0	1.00920614E9	0	0
ensembl_transcript_id=ENST00000296181.9|ensembl_gene_id=ENSG00000082781.12|gene_name=ITGB5|tmd_start=6|tmd_end=25|tmd_seq=APLYACLLGLCALLPRLAGL|ss_nuc_start=213|ss_seq=CAAAAAT|tmd-SS_gap_size=46|ensembl_uniprot_annotation=P18084|blastp_uniprot_annotation=P18084|transcript_canonical_status=Canonical|TMD_dG_app=0.05|SS_dG_fs=1.26|stem_loop_presence=Yes|fs_type=0_frame|frame_transition=no_frameshift|terminal_stop_codon=yes		0	0	0	0	0	5.6944275E8
ensembl_transcript_id=ENST00000300289.10|ensembl_gene_id=ENSG00000167004.14|gene_name=PDIA3|tmd_start=1|tmd_end=24|tmd_seq=MRLRRLALFPGVALLLAAARLAAA|ss_nuc_start=219|ss_seq=ATTAAAA|tmd-SS_gap_size=49|ensembl_uniprot_annotation=P30101|blastp_uniprot_annotation=P30101|transcript_canonical_status=Canonical|TMD_dG_app=-1.76|SS_dG_fs=1.58|stem_loop_presence=Yes|fs_type=hungry_-2|frame_transition=74|terminal_stop_codon=yes		0	0	0	5.745582E7	0	0
ensembl_transcript_id=ENST00000328980.11|ensembl_gene_id=ENSG00000206306.10|gene_name=HLA-DRB1|tmd_start=4|tmd_end=28|tmd_seq=LRLPGGSCMAVLTVTLMVLSSPLAL|ss_nuc_start=219|ss_seq=GGGGGAG|tmd-SS_gap_size=45|ensembl_uniprot_annotation=No_uniprot_annotation|blastp_uniprot_annotation=P79483|transcript_canonical_status=Canonical|TMD_dG_app=0.49|SS_dG_fs=2.65|stem_loop_presence=Yes|fs_type=0_frame|frame_transition=no_frameshift|terminal_stop_codon=yes		1.23168451E10	0	0	0	0	0
ensembl_transcript_id=ENST00000351698.5|ensembl_gene_id=ENSG00000136827.12|gene_name=TOR1A|tmd_start=24|tmd_end=46|tmd_seq=ISLGLALAGVLTGYIYPRLYCLF|ss_nuc_start=267|ss_seq=CCCAAAG|tmd-SS_gap_size=43|ensembl_uniprot_annotation=O14656|blastp_uniprot_annotation=O14656|transcript_canonical_status=Canonical|TMD_dG_app=0.78|SS_dG_fs=2.89|stem_loop_presence=Yes|fs_type=dual_-1|frame_transition=91|terminal_stop_codon=yes		0	0	0	0	4.714926E7	0
ensembl_transcript_id=ENST00000361445.9|ensembl_gene_id=ENSG00000198793.14|gene_name=MTOR|tmd_start=1|tmd_end=16|tmd_seq=MLGTGPAAATTAATTS|ss_nuc_start=210|ss_seq=CATTTTT|tmd-SS_gap_size=54|ensembl_uniprot_annotation=P42345|blastp_uniprot_annotation=P42345|transcript_canonical_status=Canonical|TMD_dG_app=4.94|SS_dG_fs=0.81|stem_loop_presence=Yes|fs_type=0_frame|frame_transition=no_frameshift|terminal_stop_codon=yes		0	0	1.3952612E7	0	0	0
ensembl_transcript_id=ENST00000366431.2|ensembl_gene_id=ENSG00000235360.2|gene_name=C6orf47|tmd_start=182|tmd_end=206|tmd_seq=LTLHLLELLASALLALCSRPLRAAL|ss_nuc_start=726|ss_seq=CCCTTTG|tmd-SS_gap_size=36|ensembl_uniprot_annotation=O95873|blastp_uniprot_annotation=O95873|transcript_canonical_status=Canonical|TMD_dG_app=0.13|SS_dG_fs=2.39|stem_loop_presence=Yes|fs_type=0_frame|frame_transition=no_frameshift|terminal_stop_codon=yes		0	0	0	2.30057696E8	2.97193984E9	0
ensembl_transcript_id=ENST00000375499.8|ensembl_gene_id=ENSG00000117118.12|gene_name=SDHB|tmd_start=7|tmd_end=29|tmd_seq=LSLRRRLPATTLGGACLQASRGA|ss_nuc_start=195|ss_seq=TAATAAA|tmd-SS_gap_size=36|ensembl_uniprot_annotation=P21912|blastp_uniprot_annotation=P21912|transcript_canonical_status=Canonical|TMD_dG_app=3.56|SS_dG_fs=2.74|stem_loop_presence=Yes|fs_type=0_frame|frame_transition=no_frameshift|terminal_stop_codon=yes		0	0	0	2.03424243E9	0	0
ensembl_transcript_id=ENST00000375630.6|ensembl_gene_id=ENSG00000068650.19|gene_name=ATP11A|tmd_start=295|tmd_end=318|tmd_seq=AFLIVYLCILISKALINTVLKYMW|ss_nuc_start=1077|ss_seq=CATCCCT|tmd-SS_gap_size=41|ensembl_uniprot_annotation=No_uniprot_annotation|blastp_uniprot_annotation=P98196|transcript_canonical_status=Alternative|TMD_dG_app=-0.09|SS_dG_fs=2.81|stem_loop_presence=Yes|fs_type=0_frame|frame_transition=no_frameshift|terminal_stop_codon=yes		0	0	0	0	0	1.14988504E8
ensembl_transcript_id=ENST00000383102.6|ensembl_gene_id=ENSG00000230708.10|gene_name=HLA-DPB1|tmd_start=11|tmd_end=32|tmd_seq=RTVALTALLMVLLTSVVQGRAT|ss_nuc_start=213|ss_seq=GGGGGAG|tmd-SS_gap_size=39|ensembl_uniprot_annotation=No_uniprot_annotation|blastp_uniprot_annotation=P04440|transcript_canonical_status=Canonical|TMD_dG_app=0.39|SS_dG_fs=2.65|stem_loop_presence=Yes|fs_type=0_frame|frame_transition=no_frameshift|terminal_stop_codon=yes		5.2199309E10	0	0	0	0	0
ensembl_transcript_id=ENST00000383323.6|ensembl_gene_id=ENSG00000206452.10|gene_name=HLA-C|tmd_start=1|tmd_end=25|tmd_seq=MRVMAPRTLILLLSGALALTETWAC|ss_nuc_start=234|ss_seq=GGAGGGG|tmd-SS_gap_size=53|ensembl_uniprot_annotation=No_uniprot_annotation|blastp_uniprot_annotation=P10321|transcript_canonical_status=Alternative|TMD_dG_app=0.33|SS_dG_fs=2.65|stem_loop_presence=Yes|fs_type=0_frame|frame_transition=no_frameshift|terminal_stop_codon=yes		4.6706662E9	0	0	0	0	0
ensembl_transcript_id=ENST00000402746.5|ensembl_gene_id=ENSG00000002822.16|gene_name=MAD1L1|tmd_start=13|tmd_end=35|tmd_seq=VWPRLARVLIVTLLTLELSYAPL|ss_nuc_start=210|ss_seq=GAAGGGG|tmd-SS_gap_size=35|ensembl_uniprot_annotation=Q9Y6D9|blastp_uniprot_annotation=Q9Y6D9|transcript_canonical_status=Alternative|TMD_dG_app=0.24|SS_dG_fs=2.48|stem_loop_presence=Yes|fs_type=0_frame|frame_transition=no_frameshift|terminal_stop_codon=yes		0	0	0	0	7.3706534E8	0
ensembl_transcript_id=ENST00000417819.6|ensembl_gene_id=ENSG00000131828.14|gene_name=PDHA1|tmd_start=1|tmd_end=16|tmd_seq=MRKMLAAVSRVLSGAS|ss_nuc_start=168|ss_seq=TAATTTT|tmd-SS_gap_size=40|ensembl_uniprot_annotation=No_uniprot_annotation|blastp_uniprot_annotation=P08559|transcript_canonical_status=Alternative|TMD_dG_app=5.33|SS_dG_fs=1.81|stem_loop_presence=Yes|fs_type=0_frame|frame_transition=no_frameshift|terminal_stop_codon=yes		0	0	2.3858318E7	0	0	0
ensembl_transcript_id=ENST00000417978.6|ensembl_gene_id=ENSG00000224320.9|gene_name=HLA-A|tmd_start=2|tmd_end=24|tmd_seq=AVMAPRTLLLLLSGALALTQTWA|ss_nuc_start=234|ss_seq=GGAGGGG|tmd-SS_gap_size=54|ensembl_uniprot_annotation=No_uniprot_annotation|blastp_uniprot_annotation=P04439|transcript_canonical_status=Alternative|TMD_dG_app=0.32|SS_dG_fs=2.65|stem_loop_presence=Yes|fs_type=0_frame|frame_transition=no_frameshift|terminal_stop_codon=yes		1.66926776E10	0	0	0	0	0
ensembl_transcript_id=ENST00000420206.5|ensembl_gene_id=ENSG00000228299.9|gene_name=HLA-C|tmd_start=1|tmd_end=25|tmd_seq=MRVMAPRTLILLLSGALALTETWAC|ss_nuc_start=234|ss_seq=GGAGGGG|tmd-SS_gap_size=53|ensembl_uniprot_annotation=No_uniprot_annotation|blastp_uniprot_annotation=P10321|transcript_canonical_status=Alternative|TMD_dG_app=0.33|SS_dG_fs=2.65|stem_loop_presence=Yes|fs_type=0_frame|frame_transition=no_frameshift|terminal_stop_codon=yes		0	0	0	4.1394048E8	0	1.190033E7
ensembl_transcript_id=ENST00000431421.6|ensembl_gene_id=ENSG00000177565.19|gene_name=TBL1XR1|tmd_start=16|tmd_end=35|tmd_seq=LAQQQAAAAAAAAAAASQQG|ss_nuc_start=210|ss_seq=CCCTCCT|tmd-SS_gap_size=35|ensembl_uniprot_annotation=No_uniprot_annotation|blastp_uniprot_annotation=Q9BZK7|transcript_canonical_status=Alternative|TMD_dG_app=5.55|SS_dG_fs=2.53|stem_loop_presence=Yes|fs_type=0_frame|frame_transition=no_frameshift|terminal_stop_codon=yes		0	0	0	0	3.55842464E8	0
ensembl_transcript_id=ENST00000450871.6|ensembl_gene_id=ENSG00000232126.8|gene_name=HLA-B|tmd_start=3|tmd_end=24|tmd_seq=VTAPRTVLLLLSGALALTETWA|ss_nuc_start=234|ss_seq=GGAGGGG|tmd-SS_gap_size=54|ensembl_uniprot_annotation=No_uniprot_annotation|blastp_uniprot_annotation=P01889|transcript_canonical_status=Canonical|TMD_dG_app=0.85|SS_dG_fs=2.65|stem_loop_presence=Yes|fs_type=0_frame|frame_transition=no_frameshift|terminal_stop_codon=yes		1.5014824E8	0	0	0	0	0
ensembl_transcript_id=ENST00000479035.7|ensembl_gene_id=ENSG00000125691.15|gene_name=RPL23|tmd_start=14|tmd_end=29|tmd_seq=FRISLGLPVGAVINCA|ss_nuc_start=219|ss_seq=AAAAAAG|tmd-SS_gap_size=44|ensembl_uniprot_annotation=P62829|blastp_uniprot_annotation=P62829|transcript_canonical_status=Canonical|TMD_dG_app=3.29|SS_dG_fs=2.10|stem_loop_presence=Yes|fs_type=0_frame|frame_transition=no_frameshift|terminal_stop_codon=yes		0	0	2.1513616E8	0	0	0
ensembl_transcript_id=ENST00000508628.6|ensembl_gene_id=ENSG00000173821.20|gene_name=RNF213|tmd_start=4599|tmd_end=4614|tmd_seq=ADRTQTGHVLGNPQRR|ss_nuc_start=13950|ss_seq=GATAAAC|tmd-SS_gap_size=36|ensembl_uniprot_annotation=No_uniprot_annotation|blastp_uniprot_annotation=Q63HN8|transcript_canonical_status=Alternative|TMD_dG_app=8.44|SS_dG_fs=2.44|stem_loop_presence=Yes|fs_type=0_frame|frame_transition=no_frameshift|terminal_stop_codon=yes		5.36711424E8	0	3.0502338E7	1.34258368E8	0	1.67845808E8
ensembl_transcript_id=ENST00000539542.6|ensembl_gene_id=ENSG00000172869.15|gene_name=DMXL1|tmd_start=2485|tmd_end=2506|tmd_seq=YSWSLMRLAMVQLVLNNLKTFY|ss_nuc_start=7647|ss_seq=AAATTAT|tmd-SS_gap_size=43|ensembl_uniprot_annotation=No_uniprot_annotation|blastp_uniprot_annotation=Q9Y485|transcript_canonical_status=Canonical|TMD_dG_app=2.57|SS_dG_fs=1.51|stem_loop_presence=Yes|fs_type=0_frame|frame_transition=no_frameshift|terminal_stop_codon=yes		8.5346976E7	0	0	0	0	0
ensembl_transcript_id=ENST00000564288.6|ensembl_gene_id=ENSG00000127603.32|gene_name=MACF1|tmd_start=1832|tmd_end=1853|tmd_seq=LVAAKIALVILESLWSFMGLLW|ss_nuc_start=5700|ss_seq=GAAGAAA|tmd-SS_gap_size=47|ensembl_uniprot_annotation=No_uniprot_annotation|blastp_uniprot_annotation=Q9UPN3|transcript_canonical_status=Canonical|TMD_dG_app=0.67|SS_dG_fs=2.86|stem_loop_presence=Yes|fs_type=0_frame|frame_transition=no_frameshift|terminal_stop_codon=yes		2.69321536E8	2.26205488E8	1.48503408E8	0	0	0
ensembl_transcript_id=ENST00000568588.5|ensembl_gene_id=ENSG00000174444.15|gene_name=RPL4|tmd_start=1|tmd_end=20|tmd_seq=MCRGGRMFAPTKTWRRWHRR|ss_nuc_start=174|ss_seq=GGTAGTT|tmd-SS_gap_size=38|ensembl_uniprot_annotation=No_uniprot_annotation|blastp_uniprot_annotation=P36578|transcript_canonical_status=Alternative|TMD_dG_app=6.78|SS_dG_fs=2.85|stem_loop_presence=Yes|fs_type=0_frame|frame_transition=no_frameshift|terminal_stop_codon=yes		0	0	7.3646835E8	0	0	0
ensembl_transcript_id=ENST00000580059.7|ensembl_gene_id=ENSG00000134504.14|gene_name=KCTD1|tmd_start=10|tmd_end=25|tmd_seq=CNTSAGGSASAAAAAA|ss_nuc_start=216|ss_seq=GGGGGAC|tmd-SS_gap_size=47|ensembl_uniprot_annotation=No_uniprot_annotation|blastp_uniprot_annotation=Q719H9|transcript_canonical_status=Canonical|TMD_dG_app=5.54|SS_dG_fs=2.61|stem_loop_presence=Yes|fs_type=0_frame|frame_transition=no_frameshift|terminal_stop_codon=yes		0	0	0	0	0	1.7497082E7
ensembl_transcript_id=ENST00000580098.6|ensembl_gene_id=ENSG00000141526.18|gene_name=SLC16A3|tmd_start=314|tmd_end=338|tmd_seq=TAGDYGGLVVFCIFFGISYGMVGAL|ss_nuc_start=1131|ss_seq=CCCAAAG|tmd-SS_gap_size=39|ensembl_uniprot_annotation=No_uniprot_annotation|blastp_uniprot_annotation=O15427|transcript_canonical_status=Alternative|TMD_dG_app=-0.25|SS_dG_fs=2.89|stem_loop_presence=Yes|fs_type=dual_-1|frame_transition=379|terminal_stop_codon=no		4.06289E7	0	0	4.4290128E8	0	0
ensembl_transcript_id=ENST00000619898.5|ensembl_gene_id=ENSG00000114902.14|gene_name=SPCS1|tmd_start=45|tmd_end=64|tmd_seq=FGWTVYIVMAGFAFSCLLTL|ss_nuc_start=297|ss_seq=TAAAAAT|tmd-SS_gap_size=35|ensembl_uniprot_annotation=No_uniprot_annotation|blastp_uniprot_annotation=Q9Y6A9|transcript_canonical_status=Canonical|TMD_dG_app=-0.89|SS_dG_fs=1.26|stem_loop_presence=No|fs_type=0_frame|frame_transition=no_frameshift|terminal_stop_codon=yes		6.523563E9	6.4516393E9	5.480025E8	1.10954662E9	3.4665513E9	1.12828192E8
ensembl_transcript_id=ENST00000677340.1|ensembl_gene_id=ENSG00000092108.22|gene_name=SCFD1|tmd_start=167|tmd_end=191|tmd_seq=TIVDSLFCFFVTLGAVPIIRCSRGT|ss_nuc_start=732|ss_seq=TCCTTTA|tmd-SS_gap_size=53|ensembl_uniprot_annotation=No_uniprot_annotation|blastp_uniprot_annotation=Q8WVM8|transcript_canonical_status=Alternative|TMD_dG_app=0.56|SS_dG_fs=2.43|stem_loop_presence=Yes|fs_type=0_frame|frame_transition=no_frameshift|terminal_stop_codon=yes		0	0	1.52637555E9	0	0	0
ensembl_transcript_id=ENST00000678299.1|ensembl_gene_id=ENSG00000144867.13|gene_name=SRPRB|tmd_start=36|tmd_end=58|tmd_seq=TLLSVVVAVLAVLLTLVFWKLIR|ss_nuc_start=327|ss_seq=GGGCAAT|tmd-SS_gap_size=51|ensembl_uniprot_annotation=Q9Y5M8|blastp_uniprot_annotation=Q9Y5M8|transcript_canonical_status=Canonical|TMD_dG_app=-2.87|SS_dG_fs=2.57|stem_loop_presence=Yes|fs_type=0_frame|frame_transition=no_frameshift|terminal_stop_codon=yes		1.0545527E7	0	0	0	0	0
ensembl_transcript_id=ENST00000680220.1|ensembl_gene_id=ENSG00000174373.17|gene_name=RALGAPA1|tmd_start=1891|tmd_end=1914|tmd_seq=KRLVVSLLLCLLDWIMALPLKTLL|ss_nuc_start=5862|ss_seq=TTTTCCC|tmd-SS_gap_size=40|ensembl_uniprot_annotation=No_uniprot_annotation|blastp_uniprot_annotation=Q6GYQ0|transcript_canonical_status=Canonical|TMD_dG_app=-0.62|SS_dG_fs=1.73|stem_loop_presence=Yes|fs_type=0_frame|frame_transition=no_frameshift|terminal_stop_codon=yes		0	0	2.497381E7	0	0	0
ensembl_transcript_id=ENST00000680406.1|ensembl_gene_id=ENSG00000127022.16|gene_name=CANX|tmd_start=3|tmd_end=18|tmd_seq=GKWLLCMLLVLGTAIV|ss_nuc_start=219|ss_seq=TTCTTTT|tmd-SS_gap_size=55|ensembl_uniprot_annotation=No_uniprot_annotation|blastp_uniprot_annotation=P27824|transcript_canonical_status=Alternative|TMD_dG_app=0.02|SS_dG_fs=2.88|stem_loop_presence=Yes|fs_type=0_frame|frame_transition=no_frameshift|terminal_stop_codon=yes		0	0	0	0	2.295173E7	0
ensembl_transcript_id=ENST00000680679.1|ensembl_gene_id=ENSG00000136699.20|gene_name=SMPD4|tmd_start=455|tmd_end=472|tmd_seq=LLMYTKLFVGFLNRALRT|ss_nuc_start=1536|ss_seq=CATCCCC|tmd-SS_gap_size=40|ensembl_uniprot_annotation=No_uniprot_annotation|blastp_uniprot_annotation=Q9NXE4|transcript_canonical_status=Alternative|TMD_dG_app=2.49|SS_dG_fs=2.41|stem_loop_presence=Yes|fs_type=0_frame|frame_transition=no_frameshift|terminal_stop_codon=yes		9.5856016E7	4.1748652E7	0	0	0	0
ensembl_transcript_id=ENST00000680984.1|ensembl_gene_id=ENSG00000127022.16|gene_name=CANX|tmd_start=3|tmd_end=18|tmd_seq=GKWLLCMLLVLGTAIV|ss_nuc_start=219|ss_seq=TTCTTTT|tmd-SS_gap_size=55|ensembl_uniprot_annotation=No_uniprot_annotation|blastp_uniprot_annotation=P27824|transcript_canonical_status=Alternative|TMD_dG_app=0.02|SS_dG_fs=2.88|stem_loop_presence=Yes|fs_type=0_frame|frame_transition=no_frameshift|terminal_stop_codon=yes		0	0	0	0	0	4213752.5
P02769	ALB	0	5.016418E7	0	0	0	0
